RazaoSocial;UF;TotalDespesas;MediaTri;DesvioPadrao;nTri
BRADESCO SAÚDE S.A.;RJ;3,22688E+11;1,07563E+11;38114961510;3
SUL AMERICA COMPANHIA DE SEGURO SAÚDE;RJ;2,55724E+11;85241225792;30150132665;3
AMIL ASSISTÊNCIA MÉDICA INTERNACIONAL S.A.;SP;1,96745E+11;65581666891;24212019905;3
NOTRE DAME INTERMÉDICA SAÚDE S.A.;SP;89929846537;29976615512;12459208415;3
HAPVIDA ASSISTENCIA MEDICA S.A.;CE;88233812744;29411270915;11716392195;3
CAIXA DE ASSISTÊNCIA DOS FUNCIONÁRIOS DO BANCO DO BRASIL;DF;68057719719;22685906573;8801739899;3
UNIMED NACIONAL - COOPERATIVA CENTRAL;SP;66224536306;22074845435;7849526844;3
PORTO SEGURO - SEGURO SAÚDE S/A;SP;52438404508;17479468169;7154601957;3
GEAP AUTOGESTÃO EM SAÚDE;DF;49508781934;16502927311;6297259386;3
UNIMED BELO HORIZONTE COOPERATIVA DE TRABALHO MÉDICO;MG;49238388320;16412796107;6470477138;3
PREVENT SENIOR PRIVATE OPERADORA DE SAÚDE LTDA;SP;45128557408;15042852469;6204332691;3
UNIMED SEGUROS SAÚDE S/A;SP;44783634238;14927878079;5918583144;3
UNIMED DO EST. DO RJ FEDERAÇÃO EST. DAS COOPERATIVAS MÉDICAS;RJ;43900244930;14633414977;4905653221;3
UNIMED DE CIANORTE - COOPERATIVA DE TRABALHO MEDICO ;PR;43199575912;14399858637;63406292,62;3
UNIMED PORTO ALEGRE - COOPERATIVA MÉDICA LTDA.;RS;32446684400;10815561467;4362802996;3
UNIMED CURITIBA - SOCIEDADE COOPERATIVA DE MÉDICOS;PR;29640780504;9880260168;3901685877;3
UNIMED CAMPINAS - COOPERATIVA DE TRABALHO MÉDICO;SP;26212735617;8737578539;3535689770;3
UNIMED GOIANIA COOPERATIVA DE TRABALHO MÉDICO;GO;22357713939;7452571313;2797978986;3
UNIMED DE FORTALEZA SOCIEDADE COOPERATIVA MÉDICA LTDA.;CE;22071021916;7357007305;2955523055;3
OMINT SERVIÇOS DE SAÚDE S.A.;SP;19637922307;6545974102;2694027599;3
FUNDAÇÃO SAÚDE ITAÚ;MG;19318487339;6439495780;2467368491;3
CARE PLUS MEDICINA ASSISTENCIAL LTDA.;SP;18958226063;6319408688;2573571894;3
GRUPO HOSPITALAR DO RIO DE JANEIRO LTDA;RJ;18452279661;6150759887;2336653516;3
SERV  SOCIAL AUTÔNOMO DE ASSIST À SAÚDE DOS SERV PÚBLICOS E MILITARES DE GOIÁS;GO;18050303438;9025151719;1507537867;2
UNIMED VITORIA COOPERATIVA DE TRABALHO MEDICO;ES;16618734438;5539578146;2183153853;3
UNIMED FRANCISCO BELTRAO COOPERATIVA DE TRABALHO MEDICO;PR;16004579968;5334859989;2292180950;3
FUNDAÇÃO CESP;SP;13471374850;4490458283;1751724949;3
UNIMED RECIFE COOPERATIVA DE TRABALHO MÉDICO;PE;13441278913;4480426304;1737320115;3
UNIMED BELÉM COOPERATIVA DE TRABALHO MÉDICO;PA;12997620247;4332540082;1604264134;3
SAMEDIL SERVIÇOS DE ATENDIMENTO MÉDICO S/A;ES;12870264538;4290088179;1848897139;3
UNIMED CUIABA COOPERATIVA DE TRABALHO MÉDICO;MT;11862093947;3954031316;1457048246;3
UNIMED DO ESTADO DE SÃO PAULO - FEDERAÇÃO ESTADUAL DAS COOP. MÉDICAS;SP;11823468005;3941156002;1483677896;3
FUNDAÇÃO ASSISTENCIAL DOS SERVIDORES DO MINISTÉRIO DA FAZENDA;DF;11782081304;3927360435;1433681977;3
UNIMED SAO JOSÉ DO RIO PRETO - COOP. DE TRABALHO MÉDICO;SP;11466184237;3822061412;1531264888;3
UNIMED GRANDE FLORIANÓPOLIS-COOPERATIVA DE TRABALHO MEDICO;SC;11463117334;3821039111;1542248810;3
BRADESCO SAÚDE - OPERADORA DE PLANOS  S/A;SP;11290181741;3763393914;1362587071;3
SUL AMÉRICA PARANÁ CLÍNICAS SERVIÇOS DE SAÚDE S.A.;SP;10064473053;3354824351;1192753519;3
UNIMED NATAL SOC. COOP. DE TRAB. MÉDICO;RN;9934350721;3311450240;1259176093;3
ASSOCIAÇÃO PETROBRAS DE SAÚDE - APS;RJ;9492632108;3164210703;1203621197;3
CAIXA BENEFICENTE DOS FUNCIONARIOS DO BANCO DO ESTADO DE SÃO PAULO;SP;9316805791;3105601930;1331639198;3
NOTRE DAME INTERMÉDICA MINAS GERAIS SAÚDE S.A.;CE;9063712276;3021237425;1166675176;3
UNIMED DE LONDRINA COOPERATIVA DE TRABALHO MÉDICO;PR;8876772258;2958924086;1151233258;3
UNIMED SOROCABA COOPERATIVA DE TRABALHO MÉDICO;SP;8696823459;2898941153;1237217034;3
UNIMED-SÃO GONÇALO - NITERÓI - SOC.COOP.SERV.MED E HOSP LTDA;RJ;8546428668;2848809556;1013089607;3
UNIMED SERRA GAUCHA/RS COOPERATIVA DE ASSISTENCIA A SAUDE LTDA;RS;8465742227;2821914076;1176372072;3
UNIMED MACEIO COOPERATIVA DE TRABALHO MÉDICO;AL;8455541625;2818513875;1062397582;3
UNIMED JOAO PESSOA - COOPERATIVA DE TRABALHO MÉDICO;PB;8392353479;2797451160;1135112249;3
HUMANA SAÚDE NORDESTE LTDA. ;PI;8356390249;2785463416;1081074412;3
UNIMED CAMPO GRANDE MS COOPERATIVA DE TRABALHO MÉDICO;MS;7788798758;2596266253;993083504,7;3
CAIXA DE ASSISTENCIA DOS SERVIDORES DO ESTADO DE MATO GROSSO DO SUL;MS;7514350282;2504783427;950672049,9;3
UNIMED DE SANTOS COOP DE TRAB MEDICO;SP;7320780022;2440260007;985543117,4;3
UNIMED REGIONAL MARINGÁ COOP.DE TRABALHO MÉDICO;PR;7095052005;2365017335;932895847,2;3
UNIMED DE RIBEIRAO PRETO - COOPERATIVA DE TRABALHO MÉDICO;SP;7082062871;2360687624;968270177,8;3
SANTA HELENA ASSISTÊNCIA MÉDICA S/A.;SP;7033084969;2344361656;943220246,9;3
UNIMED UBERLÂNDIA COOPERATIVA REGIONAL TRABALHO MÉDICO LTDA;MG;6588201635;2196067212;786393142,5;3
SAMP ESPIRITO SANTO ASSISTENCIA MEDICA SA;ES;6561701476;2187233825;849970264,8;3
CLINIPAM CLINICA PARANAENSE DE ASSISTENCIA MEDICA LTDA;CE;6503250683;2167750228;901143366,6;3
UNIMED BLUMENAU - COOPERATIVA DE TRABALHO MEDICO;SC;6343984322;2114661441;861695911;3
CENTRO TRASMONTANO DE SAO PAULO;SP;6315687669;2105229223;856541154,6;3
ODONTOPREV S/A;SP;6227758370;2075919457;835994008,7;3
FUNDAÇÃO SÃO FRANCISCO XAVIER;MG;6124094592;2041364864;795365989,5;3
UNIMED DO ESTADO DO PARANÁ FEDERAÇÃO ESTADUAL DAS COOPERATIVAS MÉDICAS;PR;6094391693;2031463898;820220738,6;3
UNIMED DO ESTADO DE SANTA CATARINA FED. EST. DAS COOP. MÉD.;SC;5930213852;1976737951;775863288,8;3
POSTAL SAÚDE CAIXA DE ASSISTÊNCIA E SAÚDE DOS EMPREGADOS DOS CORREIOS;DF;5761123494;1920374498;603889372,8;3
UNIMED DIVINOPOLIS - COOPERATIVA DE TRABALHO MEDICO LTDA;MG;5760153485;1920051162;742157547,1;3
UNIMED SAO JOSE DOS CAMPOS - COOPERATIVA DE TRABALHO MEDICO;SP;5562079748;1854026583;732868898,6;3
ASSOCIAÇÃO DE BENEFICÊNCIA E FILANTROPIA SÃO CRISTOVÃO;SP;5463258752;1821086251;702666769,3;3
UNIMED DE PIRACICABA SOCIEDADE COOPERATIVA DE SERVIÇOS MÉDICOS;SP;5304022211;1768007404;723506845,3;3
UNIMED DE JOINVILLE COOPERATIVA DE TRABALHO MÉDICO;SC;5224768174;1741589391;712317911,2;3
UNIMED - COOPERATIVA DE SERVIÇOS DE SAÚDE DOS VALES DO TAQUARI E RIO PARDO LTDA.;RS;5135660031;1711886677;692313893;3
CEMIG SAÚDE;MG;5092137850;1697379283;585558645,6;3
UNIMED LITORAL COOPERATIVA DE TRABALHO MÉDICO LTDA;SC;4937435884;1645811961;676626536,4;3
UNIMED DE BAURU COOPERATIVA DE TRABALHO MÉDICO;SP;4899015683;1633005228;640662696,9;3
UNIMED JUIZ DE FORA COOPERATIVA DE TRABALHO MÉDICO LTDA;MG;4804122658;1601374219;636427657,5;3
UNIMED SERGIPE - COOPERATIVA DE TRABALHO MÉDICO;SE;4782902440;1594300813;569497869,5;3
UNIMED DE CASCAVEL COOPERATIVA DE TRABALHO MÉDICO;PR;4768092210;1589364070;604689632,3;3
SINDIFISCO NACIONAL - SINDICATO NACIONAL DOS AUDITORES-FISCAIS DA RECEITA FEDERAL DO BRASIL;DF;4720683209;1573561070;573410265,5;3
UNIMED TERESINA - COOPERATIVA DE TRABALHO MÉDICO;PI;4704390799;1568130266;625013350,7;3
PASA - PLANO DE ASSISTENCIA A SAUDE DO APOSENTADO DA VALE;RJ;4408351155;1469450385;540401102,1;3
UNIMED SÃO CARLOS - COOPERATIVA DE TRABALHO MÉDICO;SP;4157337309;1385779103;565374197;3
CAIXA DE ASSISTÊNCIA DOS FUNCIONÁRIOS DO BANCO DO NORDESTE DO BRASIL;CE;4057718803;1352572934;537178748,4;3
UNIMED DE PRESIDENTE PRUDENTE COOPERATIVA DE TRAB. MÉDICO;SP;4007311825;1335770608;561096188,3;3
ASSOCIAÇÃO SANTA CASA SAÚDE DE SÃO JOSÉ DOS CAMPOS;SP;3946136896;1315378965;537545452;3
UNIMED DE MACAÉ COOPERATIVA DE ASSISTÊNCIA À SAÚDE;RJ;3897455744;1299151915;555055295,9;3
PLANO HOSPITAL SAMARITANO LTDA;SP;3849683615;1283227872;502206952,4;3
INSTITUTO CURITIBA DE SAÚDE;PR;3769059083;1256353028;488170028;3
UNIMED NORTE DO MATO GROSSO COOPERATIVA DE TRABALHO MÉDICO;MT;3713247212;1237749071;494854027;3
CENTRO CLÍNICO GAÚCHO LTDA;CE;3688216844;1229405615;497163097,8;3
ALICE OPERADORA LTDA.;SP;3681486266;1227162089;560844481,4;3
UNIMED JUNDIAI - COOPERATIVA DE TRABALHO MÉDICO;SP;3634197098;1211399033;512770886,6;3
UNIMED DE VOLTA REDONDA COOPERATIVA DE TRABALHO MÉDICO;RJ;3619706784;1206568928;481849410,5;3
UNIMED VALE DO SINOS - COOPERATIVA DE ASSISTÊNCIA À SAÚDE LTDA;RS;3566991678;1188997226;504020817;3
HUMANA SAÚDE LTDA.;PR;3525328285;1175109428;395101597,3;3
UNIMED CARUARU-COOPERATIVA DE TRABALHO MEDICO;PE;3479830798;1159943599;466961628,8;3
UNIMED SUL CAPIXABA COOPERATIVA DE TRABALHO MÉDICO;ES;3435653567;1145217856;455331528,1;3
UNIMED NOVA FRIBURGO-SOC.COOP.SERV.MED.HOSP.LTDA.;RJ;3425158476;1141719492;439125507,1;3
UNIMED UBERABA COOPERATIVA DE TRABALHO MEDICO LTDA.;MG;3404045657;1134681886;436779455,9;3
UNIMED DE SANTA BÁRBARA D'OESTE E AMERICANA - COOP DE TRABALHO MÉDICO;SP;3314724242;1104908081;449189008;3
UNIMED NOVA IGUACU COOPERATIVA DE TRABALHO MEDICO;RJ;3267389517;1089129839;392190789,4;3
ITAUSEG SAÚDE S.A.;SP;3186399187;1062133062;348703140,5;3
UNIMED DE MARILIA COOPERATIVA DE TRABALHO MÉDICO;SP;3183902870;1061300957;416968795,3;3
UNIMED VALE DO SÃO FRANCISCO COOPERATIVA DE TRABALHO MÉDICO;PE;3160924264;1053641421;423752334,3;3
METRUS INSTITUTO DE SEGURIDADE SOCIAL;SP;3155342309;1051780770;328557205;3
LEVE SAUDE OPERADORA DE PLANOS DE SAUDE S.A;RJ;3139331329;1046443777;461252347,5;3
UNIMED PONTA GROSSA COOPERATIVA DE TRABALHO MEDICO;PR;3135434343;1045144781;401868398;3
SOBAM CENTRO MÉDICO HOSPITALAR S.A.;SP;3019378036;1006459345;383858378,8;3
SAMEL PLANO DE SAÚDE LTDA;AM;2999226438;999742146,1;414892108,9;3
QUALLITY PRÓ SAÚDE PLANO DE ASSISTÊNCIA MÉDICA LTDA.;DF;2977911262;992637087,3;364326690,2;3
FUNDAÇÃO COPEL DE PREVIDÊNCIA E ASSISTÊNCIA SOCIAL;PR;2967606353;989202117,7;378889052,4;3
MEDISERVICE OPERADORA DE PLANOS DE SAÚDE S.A.;SP;2964574767;988191589;371553334,9;3
UNIMED DE ARARAQUARA - COOP. DE TRAB. MÉDICO;SP;2961882894;987294297,9;406147524,2;3
UNIMED REGIONAL DA BAIXA MOGIANA - COOPERATIVA DE TRABALHO MÉDICO;SP;2939615184;979871727,9;388192164,6;3
UNIMED FRANCA - SOCIEDADE COOPERATIVA DE SERVIÇOS MÉDICOS E HOSPITALARES;SP;2923685294;974561764,6;398660308,3;3
REAL GRANDEZA - FUNDAÇÃO DE PREVIDÊNCIA E ASSISTÊNCIA SOCIAL;RJ;2899693146;966564382;387898165,2;3
DOCTOR CLIN OPERADORA DE PLANOS DE SAÚDE LTDA.;RS;2801737677;933912559,1;403201183,8;3
COOPERATIVA CENTRAL UNIMED DE COOPERATIVAS DE ASSISTÊNCIA À SAÚDE DO RIO GRANDE DO SUL LTDA.;RS;2795148918;931716306,1;357478287,5;3
H.B. SAÚDE S/A.;SP;2778021533;926007177,7;337348665,2;3
UNIMED DE CRICIÚMA COOPERATIVA DE TRABALHO MÉDICO DA REGIÃO CARBONÍFERA;SC;2770294118;923431372,7;378024101,7;3
CAIXA DE PREVIDÊNCIA E ASSISTÊNCIA DOS SERVIDORES DA FUNDAÇÃO NACIONAL DE SAÚDE - CAPESESP;RJ;2731113383;910371127,7;323287537,7;3
FUNDAÇÃO CHESF DE ASSISTÊNCIA E SEGURIDADE SOCIAL;PE;2701408377;900469458,9;415939562,6;3
UNIMED CAMPINA GRANDE - COOPERATIVA DE TRABALHO MEDICO LTDA;PB;2687448335;895816111,8;351166371,8;3
ASSOCIACAO DOS AUDITORES FISCAIS DA RECEITA ESTADUAL DE SAO PAULO;SP;2673907619;891302539,6;374946730,5;3
UNIMED GOVERNADOR VALADARES COOP. DE TRABALHO MÉDICO LTDA.;MG;2667989801;889329933,7;350899703,4;3
COOPERATIVA DE TRABALHO MÉDICO DE POUSO ALEGRE;MG;2652721837;884240612,3;352554016,1;3
BENSAUDE PLANO DE ASSISTENCIA MEDICA HOSPITALAR LTDA.;SP;2621368882;873789627,3;327543476,3;3
ASSOCIAÇÃO DE SAÚDE PORTUGUESA DE BENEFICÊNCIA;SP;2618397358;872799119,4;363761638,1;3
ASSOCIAÇÃO SANTA SAÚDE;SP;2618072311;872690770,4;332940210,5;3
UNIMED DO CEARÁ - FEDERAÇÃO DAS SOCIEDADES COOPERATIVAS MÉDICAS DO ESTADO DO CEARÁ LTDA.;CE;2557147657;852382552,3;361120929,7;3
UNIMED PORTO VELHO - SOCIEDADE COOPERATIVA MÉDICA LTDA;RO;2499420474;833140158;334513481,1;3
UNIMED SALTO/ITU - COOPERATIVA MÉDICA;SP;2468370652;822790217,2;322456205,1;3
UNIMED SANTA MARIA/RS - COOPERATIVA DE ASSISTÊNCIA À SAÚDE LTDA;RS;2429453820;809817939,9;310247088,9;3
ALVORECER - ASSOCIAÇÃO DE SOCORROS MÚTUOS;SP;2412747523;804249174,4;311921599,1;3
KLINI PLANOS DE SAÚDE LTDA;RJ;2382189064;794063021,2;341490892;3
CAIXA DE ASSISTÊNCIA DOS EMPREGADOS DO BANCO DO ESTADO DO RIO GRANDE DO SUL;RS;2362970262;787656754;318823942,3;3
UNIMED CHAPECÓ - COOPERATIVA DE TRABALHO MÉDICO DA REGIÃO OESTE CATARINENSE;SC;2330835229;776945076,4;327667867,9;3
UNIMED PATOS DE MINAS COOPERATIVA TRABALHO MÉDICO LTDA.;MG;2303218742;767739580,5;293542321,6;3
PROMÉDICA - PROTEÇÃO MEDICA A EMPRESAS S.A.;BA;2300404334;766801444,5;294580375,3;3
PLANO DE SAÚDE ANA COSTA LTDA.;SP;2299677924;766559308,2;294999295,8;3
SERVIÇO SOCIAL DA INDÚSTRIA DO PAPEL, PAPELÃO E CORTIÇA DO ESTADO DE SÃO PAULO - SEPACO;SP;2257727937;752575979,1;323472723,6;3
UNIMED DE CAMPOS COOPERATIVA DE TRABALHO MÉDICO;RJ;2248037673;749345891,1;304847239,8;3
UNIMED RONDONOPOLIS COOPERATIVA DE TRABALHO MÉDICO LTDA;MT;2231644417;743881472,4;285122957,3;3
CAIXA DE ASSISTÊNCIA À SAÚDE - CABERJ;RJ;2209311133;736437044,4;280298747,3;3
CIRCULO OPERARIO CAXIENSE;RS;2193516716;731172238,8;292972095,8;3
UNIMED ANHANGUERA COOPERATIVA DE TRABALHO MÉDICO;SP;2132942551;710980850,2;275251258,7;3
UNIMED DE GUARULHOS COOPERATIVA DE TRABALHO MÉDICO;SP;2110014386;703338128,7;291185552,3;3
AUSTACLINICAS ASSISTÊNCIA MÉDICA E HOSPITALAR LTDA;SP;2073419687;691139895,7;278842558,4;3
ASSOCIAÇÃO ASSISTENCIAL DE SAÚDE SUPLEMENTAR CRUZ AZUL SAÚDE;SP;2070522458;690174152,8;168000953,8;3
UNIMED DO SUDOESTE COOPERATIVA DE TRABALHO MEDICO LTDA;BA;2056920783;685640261,2;262305869,5;3
AMPLA PLANOS DE SAUDE LTDA;RJ;2049270545;1024635273;181154031,6;2
BIOVIDA SAÚDE LTDA.;SP;2037492485;679164161,8;256485042,7;3
UNIMED VALE DO SEPOTUBA - COOPERATIVA DE TRABALHO MÉDICO;MT;2018151684;672717227,9;250743425,1;3
UNIMED DE MANAUS COOP. DO TRABALHO MÉDICO LTDA;AM;2015339804;671779934,6;232199961,4;3
UNIMED AMPARO COOPERATIVA DE TRABALHO MÉDICO;SP;1993977688;664659229,4;258138934,6;3
2CARE OPERADORA DE SAÚDE LTDA.;SP;1992279117;664093039;257314167,7;3
UNIMED RIO VERDE COOPERATIVA TRABALHO MEDICO;GO;1985694617;661898205,5;273844576;3
NOSSA SAÚDE - OPERADORA PLANOS PRIVADOS DE ASSISTÊNCIA  À SAÚDE LTDA.;PR;1985462853;661820951;252434442,3;3
UNIMED CENTRO RONDÔNIA COOPERATIVA DE TRABALHO MÉDICO;RO;1980074754;660024917,9;260984184;3
UNIMED DE BOTUCATU COOPERATIVA DE TRABALHO MÉDICO;SP;1944554592;648184864,2;257306262,8;3
UNIMED LESTE PAULISTA COOPERATIVA DE TRABALHO MÉDICO;SP;1944333673;648111224,5;251009661,6;3
FUNDAÇÃO CELESC DE SEGURIDADE SOCIAL - CELOS;SC;1935888781;645296260,4;264894686,9;3
UNIMED DE LIMEIRA COOPERATIVA DE TRABALHO MÉDICO;SP;1926257690;642085896,6;276300066;3
ASSOCIAÇÃO DR. BARTHOLOMEU TACCHINI;RS;1899814001;633271333,8;283552712;3
INTEGRA ASSISTENCIA MEDICA SA;SP;1858897023;619632341,1;174212408,9;3
UNIMED DE BEBEDOURO COOPERATIVA DE TRABALHO MÉDICO;SP;1850873401;616957800,4;248559844,2;3
PLENA SAÚDE S.A.;SP;1846621398;615540465,9;232352011;3
CAIXA DE ASSISTÊNCIA DOS EMPREGADOS DA EMPRESA BRASILEIRA DE PESQUISA  AGROPECUÁRIA;DF;1829178748;609726249,4;247415078,7;3
ABERTTA SAÚDE - ASSOCIAÇÃO BENEFICENTE DOS EMPREGADOS DA ARCELORMITTAL NO BRASIL;MG;1811000077;603666692,4;229630052,2;3
ASSOCIAÇÃO EVANGELICA BENEFICENTE DE LONDRINA;PR;1810759976;603586658,6;250064305,6;3
PROASA SAÚDE;DF;1808724339;602908113;262458070,5;3
UNIMED COSTA OESTE - COOPERATIVA DE TRABALHO MÉDICO;PR;1789220499;596406833;246193894,8;3
UNIMED PELOTAS/RS - COOPERATIVA DE ASSISTÊNCIA À SAÚDE LTDA.;RS;1773670846;591223615,3;243031285,9;3
S.P.A SAUDE- SISTEMA DE PROMOÇÃO ASSISTENCIAL;SP;1768232036;589410678,6;221763554,7;3
LIV LINHAS INTELIGENTES DE ATENÇÃO À VIDA S/A;SP;1731348330;577116110;237800484;3
UNIMED DE DOURADOS COOPERATIVA DE TRABALHO MÉDICO LTDA;MS;1726027254;575342418,1;238113950,2;3
GAMA SAUDE LTDA.;SP;1705520329;568506776,3;131299353,3;3
UNIMED DE ARACATUBA - COOPERATIVA DE TRABALHO MÉDICO;SP;1700939114;566979704,7;212196183,5;3
SERMED-SAÚDE LTDA.;SP;1694658068;564886022,5;229445520,4;3
UNIMED NOROESTE/RS - SOCIEDADE COOPERATIVA DE ASSISTÊNCIA À SAÚDE LTDA.;RS;1691610661;563870220,3;220728396,7;3
ASSOCIAÇÃO DE ASSISTÊNCIA À SAÚDE DOS EMPREGADOS DA COPASA;MG;1679711458;559903819,3;197046754,1;3
UNIMED RIO BRANCO COOPERATIVA DE TRABALHO MEDICO LTDA;AC;1665025032;555008344,1;205890859,9;3
UNIMED DE TUBARAO - COOPERATIVA DE TRABALHO MEDICO DA REGIAO DA AMUREL;SC;1654406034;551468678;230288650;3
IRMANDADE DA SANTA CASA DE MISERICÓRDIA DE PIRACICABA;SP;1650081490;550027163,2;255155088,7;3
UNIÃO MÉDICA PLANOS DE SAÚDE S/A;BA;1643670992;547890330,7;206224462,7;3
UNIMED NOROESTE CAPIXABA COOPERATIVA DE TRABALHO MÉDICO.;ES;1626537059;542179019,7;219483916,5;3
UNIMED PATO BRANCO SOCIEDADE COOPERATIVA DE MÉDICOS;PR;1606726709;535575569,7;202070703,2;3
UNIMED PLANALTO MÉDIO/RS - COOPERATIVA DE ASSISTÊNCIA À SAÚDE LTDA.;RS;1596773042;532257680,6;203279013,3;3
FUNDAÇÃO SANEPAR DE ASSISTÊNCIA SOCIAL;PR;1594367354;531455784,7;156000269,9;3
SÃO LUCAS SAÚDE S/A;SP;1589967638;529989212,5;204257181,2;3
LIFE EMPRESARIAL SAÚDE LTDA.;SP;1587748949;529249649,8;213091659;3
CAIXA DE ASSISTÊNCIA OSWALDO CRUZ;RJ;1527023928;509007976;190947908,9;3
SAUDE PAS - MEDICINA E ODONTO;RS;1522759614;507586538,1;195176032,8;3
UNIMED REGIONAL JAU - COOPERATIVA DE TRABALHO MÉDICO;SP;1509242136;503080711,9;201750671,6;3
ECONOMUS INSTITUTO DE SEGURIDADE SOCIAL;SP;1508870430;502956809,9;214599754,7;3
UNIMED PETROPOLIS-RJ COOPERATIVA DE TRABALHO MÉDICO;RJ;1500932539;500310846,3;183411980,2;3
UNIMED DE RIO CLARO SP COOPERATIVA DE TRABALHO MEDICO;SP;1487898259;495966086,4;208294662,9;3
SANTA CASA DE MISERICÓRDIA DE JUIZ DE FORA;MG;1482413482;494137827,2;198952902;3
UNIMED ANÁPOLIS COOPERATIVA DE TRABALHO MÉDICO.;GO;1469165672;489721890,8;171574806,6;3
FUNDAÇÃO AFFEMG DE ASSISTÊNCIA E SAÚDE - FUNDAFFEMG;MG;1442759712;480919904,1;194854707,1;3
UNIMED DE OURINHOS - COOPERATIVA DE TRABALHO MÉDICO;SP;1399894202;466631400,7;183686610,2;3
UNIMED MARANHÃO DO SUL - COOPERATIVA DE TRABALHO MÉDICO;MA;1396128145;465376048,4;223417686,5;3
CABERJ INTEGRAL SAÚDE S.A;RJ;1388196402;462732134,2;172117129,3;3
PLANO DE SAÚDE DA SANTA CASA DE BRAGANÇA PAULISTA;SP;1387113506;462371168,7;185743971,8;3
UNIMED DO CARIRI - SOCIEDADE COOPERATIVA MÉDICA LTDA;CE;1360071331;453357110,3;194833792,4;3
UNIMED CENTRO OESTE PAULISTA - FEDERAÇÃO INTRAFEDERATIVA DAS COOPERATIVAS MÉDICAS;SP;1355884021;451961340,5;188246155,4;3
UNIMED VARGINHA COOPERATIVA DE TRABALHO MÉDICO;MG;1354581214;451527071,3;168041156;3
UNIMED TEOFILO OTONI COOPERATIVA DE TRABALHO MÉDICO;MG;1347562310;449187436,5;164808339;3
MÚTUA DOS MAGISTRADOS DO ESTADO DO RIO DE JANEIRO;RJ;1346042630;448680876,6;179883657,1;3
UNIMED PALMAS COOPERATIVA DE TRABALHO MÉDICO;TO;1342110970;447370323,3;158064758,9;3
MED-TOUR ADMINISTRADORA DE BENEFÍCIOS E EMPREENDIMENTOS LTDA.;SP;1334995727;444998575,6;171089384,7;3
UNIMED REGIONAL DE CAMPO MOURÃO COOP TRAB MEDICO ;PR;1320448879;440149626,2;171675120;3
OPERADORA UNIESTE DE PLANOS DE SAÚDE LTDA;RJ;1307274640;435758213,3;178931752,8;3
UNIMED ARARUAMA COOPERATIVA DE TRABALHO MÉDICO LTDA;RJ;1296486789;432162262,9;179332150,9;3
UNIHOSP SAÚDE LTDA;SP;1263878704;421292901,4;165473735,8;3
POLICLIN SAÚDE S/A.;SP;1257405367;419135122,2;167659646,7;3
UNIMED ENCOSTA DA SERRA/RS SOCIEDADE COOPERATIVA DE SERVIÇOS DE SAÚDE LTDA.;RS;1245240068;415080022,5;168557202,9;3
UNIMED METROPOLITANA DO AGRESTE - COOPERATIVA DE TRABALHO MÉDICO;AL;1237514573;412504857,6;156869511;3
UNIMED COSTA DO DESCOBRIMENTO COOPERATIVA DE TRABALHO MÉDICO;BA;1235631854;411877284,8;165385049,3;3
UNIMED MONTES CLAROS COOPERATIVA DE  TRABALHO MÉDICO LTDA.;MG;1225390159;408463386,4;139321589,4;3
UNIMED CONSELHEIRO LAFAIETE COOPERATIVA DE TRABALHO MÉDICO LTDA;MG;1193636286;397878762;159711612,3;3
UNIMED NORTE CAPIXABA- COOPERATIVA DE TRABALHO MÉDICO;ES;1179041722;393013907,4;163084584,1;3
UNIMED GUARAPUAVA COOPERATIVA DE TRABALHO MÉDICO;PR;1158133648;386044549,4;144600033;3
CAIXA DE ASSISTENCIA A SAUDE DA UNIVERSIDADE;MG;1157186722;385728907,3;148813550,7;3
ASSOCIAÇÃO ADVENTISTA NORTE BRASILEIRA DE PREVENÇÃO E ASSISTÊNCIA A SAÚDE;PA;1150863227;383621075,5;146545576,4;3
BENEFICENCIA CAMILIANA DO SUL;SP;1150192565;575096282,4;181477803,9;2
UNIMED DE CATANDUVA - COOPERATIVA DE TRABALHO MÉDICO;SP;1138787229;379595742,9;143400160,8;3
SIM - CAIXA DE ASSISTÊNCIA À SAÚDE;SC;1136958897;378986298,8;146710872,4;3
HBC SAÚDE LTDA.;SP;1135797963;378599321,2;145073771,2;3
UNIMED VALE DO CAÍ/RS - COOPERATIVA DE ASSISTÊNCIA À SAÚDE LTDA.;RS;1122893713;374297904,3;148983817,2;3
ASSOCIAÇÃO DA SANTA CASA SAÚDE DE RIBEIRÃO PRETO;SP;1114895744;371631914,8;136679516,7;3
UNIMED BARRA DO GARÇAS - COOPERATIVA DE TRABALHO MÉDICO;MT;1099369249;366456416,4;139420968;3
UNIMED DE ASSIS COOPERATIVA DE TRABALHO MÉDICO;SP;1098064206;366021402;140128474,5;3
IRMANDADE SANTA CASA DE MISERICÓRDIA DE MARINGÁ;PR;1097697496;365899165,3;155435149,2;3
SAÚDE BRB - CAIXA DE ASSISTÊNCIA ;DF;1079711676;359903892;137773470,7;3
SELECT OPERADORA DE PLANO DE SAUDE LTDA;GO;1060194238;353398079,3;237896471;3
UNIMED EXTREMO SUL COOPERATIVA DE TRABALHO MÉDICO;BA;1046009485;348669828,3;125719809,5;3
UNIMED POÇOS DE CALDAS - SOC. COOP. DE TRAB. E SERVIÇOS MÉDICOS;MG;1042750823;347583607,6;145280473,8;3
FUNDAÇAO COMPESA DE PREVIDENCIA E ASSISTENCIA - COMPESAPREV;PE;1041264815;347088271,6;138909639,8;3
UNIMED NORDESTE PAULISTA - FED. INTRAFEDERATIVA DAS COOP. MÉDICAS;SP;1035646999;345215666,4;129187635,5;3
UNIMED DE BARRA MANSA SOC. COOP. SERV.MED.E HOSPIT.;RJ;1032783863;344261287,5;143965244,7;3
CENTRAL REGIONAL DAS COOPERATIVAS MÉDICAS - UNIMED CERRADO;GO;1030451245;343483748,4;120755090,9;3
UNIMED CURVELO COOPERATIVA DE TRABALHO MÉDICO LTDA.;MG;1025623826;341874608,8;131974190,5;3
UNIMED INCONFIDENTES COOPERATIVA DE TRABALHO MÉDICO LTDA.;MG;1023552293;341184097,6;138694926,8;3
UNIMED LITORAL SUL/RS - COOPERATIVA DE ASSISTÊNCIA À SAÚDE LTDA.;RS;1022318088;340772696;126474158,8;3
ASSOCIAÇÃO SÃO FRANCISCO VIDA;SP;1001349466;333783155,3;139345437,4;3
LUMINAR SAÚDE - ASSOCIAÇÃO DE ASSISTÊNCIA À SAÚDE;DF;996076213,7;332025404,6;107825385;3
UNIMED DE PARANAGUÁ COOPERATIVA DE TRABALHO MÉDICO;PR;992781139,3;330927046,4;128637989,8;3
UNIMED NORTE FLUMINENSE COOPERATIVA DE TRABALHO MEDICO;RJ;991336488,2;330445496,1;131351499;3
ASSOCIAÇÃO BENEFICENTE DE ASSISTÊNCIA A SAÚDE DOS JUÍZES DO TRABALHO DA 15ª REGIÃO (ABAS 15);SP;974601221,8;324867073,9;125303972,3;3
UNIMED DE SÃO ROQUE - COOPERATIVA DE TRABALHO MÉDICO;SP;967526553,7;322508851,2;138493830,2;3
CENTRO HOSPITALAR ATIBAIA LTDA.;SP;967206850,2;322402283,4;143206432,9;3
UNIMED DE BRUSQUE COOPERATIVA DE TRABALHO MÉDICO;SC;955539974,2;318513324,7;115273349,3;3
UNIMED RESENDE COOPERATIVA DE TRABALHO MÉDICO;RJ;944519890,2;314839963,4;138419093,2;3
UNIMED DE PARANAVAÍ COOPERATIVA DE TRABALHO MÉDICO;PR;942407795;314135931,7;121526793,5;3
UNIMED MISSÕES/RS - COOPERATIVA DE ASSISTÊNCIA À SAÚDE LTDA.;RS;937292620,9;312430873,6;119956546,5;3
ASSOCIAÇÃO PADRE ALBINO SAÚDE;SP;937249873,5;312416624,5;134414413,2;3
IRMANDADE DA SANTA CASA DE MISERICÓRDIA DE RIO CLARO;SP;929084392;309694797,3;136765812,2;3
AMESC - ASSOCIAÇÃO MÉDICA ESPÍRITA CRISTÃ;RJ;923118491;307706163,7;118001116,4;3
CAIXA ASSISTENCIAL E BENEFICENTE DOS FUNCIONÁRIOS DA ACARESC;SC;910765687,3;303588562,4;111810764,6;3
AMEPLAN ASSISTÊNCIA MÉDICA PLANEJADA LTDA;SP;894195251,2;298065083,7;65008824,5;3
ASSOCIAÇÃO DOS SERVIDORES FISCAIS DO ESTADO DA BAHIA;BA;879410005,7;293136668,6;120060306,7;3
UNIMED REGIONAL SUL GOIAS COOP. DE TRABALHO MÉDICO LTDA;GO;877344167;292448055,7;114555044,2;3
ELOSAÚDE - ASSOCIAÇÃO DE ASSISTÊNCIA À SAÚDE;SC;867334781,2;289111593,7;112119065,3;3
ASSOCIAÇÃO BENEFICENTE DOS PROFESSORES PÚBLICOS ATIVOS E INATIVOS DO RIO DE JANEIRO - APPAI;RJ;863586036;287862012;120747359,6;3
UNIMED APUCARANA COOPERATIVA DE TRABALHO MÉDICO;PR;861503058,3;287167686,1;108393966,6;3
UNIMED OESTE DO PARANA - COOPERATIVA DE TRABALHO MEDICO;PR;858156933,2;286052311,1;110786998,4;3
UNIMED VALE DO AÇO COOPERATIVA DE TRABALHO MÉDICO;MG;857832966,5;428916483,2;128754633,4;2
FUNDAÇÃO DE SEGURIDADE SOCIAL DA ARCELORMITTAL BRASIL - FUNSSEST;ES;847705407,8;282568469,3;89110384,07;3
UNIMED DE JABOTICABAL COOP. DE TRABALHO MÉDICO;SP;839264841,5;279754947,2;115441466,1;3
ASSOCIAÇÃO SANTA CASA SAÚDE DE ARAÇATUBA;SP;836434353,3;278811451,1;107330447,9;3
SAÚDE SANTA TEREZA LTDA.;SP;835758329,4;278586109,8;110357048,3;3
UNIMED JOÃO MONLEVADE COOPERATIVA DE TRABALHO MÉDICO LTDA.;MG;825794225,1;275264741,7;104095717;3
AGROS - INSTITUTO UFV DE SEGURIDADE SOCIAL;MG;818165163,5;272721721,2;103414947,5;3
SANTA CASA DE MAUÁ SAÚDE;SP;812942054,3;270980684,8;106485115,3;3
UNIMED PARÁ DE MINAS COOPERATIVA DE TRABALHO MÉDICO LTDA.;MG;808720521,4;269573507,1;103898623,1;3
UNIMED SÃO JOÃO DEL REI - COOPERATIVA DE TRABALHO MÉDICO;MG;808399893,8;269466631,3;107408106,7;3
ASSOCIAÇAO DOS FUNCIONARIOS PUBLICOS DO ESTADO DO RIO GRANDE DO SUL;RS;808168990,2;269389663,4;87934811,29;3
CAIXA DE ASSISTÊNCIA DOS EMPREGADOS DA SANEAGO;GO;807202585,1;269067528,4;102269593,6;3
UNIMED DE CATALÃO COOPERATIVA DE TRABALHO MÉDICO;GO;800690321,5;266896773,8;100093534,2;3
CAIXA DE ASSISTÊNCIA À SAÚDE DOS SERVIDORES PÚBLICOS DO ESTADO DO MATO GROSSO DO SUL;MS;799537594,9;266512531,7;103785946,6;3
UNIMED OESTE DO PARÁ - COOPERATIVA DE TRABALHO MÉDICO;PA;791616576,5;263872192,2;91949547,34;3
UNIMED ITABIRA COOPERATIVA DE TRABALHO MÉDICO;MG;790333241,5;263444413,8;100552841,3;3
CAIXA DE ASSISTÊNCIA DOS SERVIDORES FAZENDÁRIOS ESTADUAIS;CE;790157914;263385971,3;103778254,7;3
UNIMED ARAXÁ COOPERATIVA DE TRABALHO MÉDICO LTDA.;MG;787340640,1;262446880;104930001,4;3
UNIMED OS BANDEIRANTES COOPERATIVA DE TRABALHO MÉDICO;SP;778325324,4;259441774,8;87420345,64;3
OPERADORA UNICENTRAL DE PLANOS DE SAÚDE LTDA.;SP;777133623,9;259044541,3;89504239,19;3
UNIMED DE CAÇAPAVA - COOPERATIVA DE TRABALHO MEDICO;SP;772767353,8;257589118;103056413,7;3
SAMI ASSISTÊNCIA MÉDICA LTDA;SP;769034958,6;256344986,2;90095363,72;3
ASSISTÊNCIA MÉDICA SÃO MIGUEL LTDA;SP;766565660,1;255521886,7;107311427,2;3
GOCARE PLANOS DE SAUDE LTDA;SP;762061403,5;254020467,8;74007526,04;3
UNIMED ERECHIM - COOPERATIVA DE SERVIÇOS DE SAÚDE LTDA.;RS;761699133,9;253899711,3;97094204,04;3
UNIMED DE TATUI - COOPERATIVA DE TRABALHO MÉDICO;SP;758849111,5;252949703,8;95324058,53;3
UNIMED FRONTEIRA NOROESTE/RS - COOPERATIVA DE ASSISTÊNCIA À SAÚDE LTDA.;RS;756045082,5;252015027,5;98216576,92;3
OESTE SAÚDE ASSISTÊNCIA A SAÚDE SUPLEMENTAR S.A;SP;750902014,2;250300671,4;100888504,1;3
FUNDAÇÃO DE SAÚDE ITAIGUAPY;PR;747126541,5;249042180,5;110146850;3
UNIMED ALTO VALE - COOPERATIVA DE TRABALHO MÉDICO;SC;746224591,8;248741530,6;98659177,59;3
NOVA SAÚDE OPERADORA INTEGRADA DE SAÚDE LTDA;RJ;745740578,3;248580192,8;111045540,6;3
UNIMED ITAJUBA COOPERATIVA DE TRABALHO MEDICO;MG;743605743,6;247868581,2;109194979;3
UNIMED DE LENÇOIS PAULISTA - COOPERATIVA DE TRABALHO MÉDICO;SP;741537226,8;247179075,6;93907626,26;3
CAIXA DE ASSISTÊNCIA DOS EMPREGADOS DO SISTEMA FINANCEIRO BANESTES;ES;734075380,4;244691793,5;85907232,02;3
UNIMED BARBACENA - COOPERATIVA DE TRABALHO MÉDICO LTDA;MG;731520135,4;243840045,1;103132175,7;3
GARANTIA DE SAÚDE LTDA;SP;730784610,3;243594870,1;91210619,38;3
METLIFE PLANOS ODONTOLÓGICOS LTDA.;SP;729106776,2;243035592,1;90850869,33;3
UNIMED CENTRO SUL FLUMINENSE COOPERATIVA DE TRABALHO MÉDICO;RJ;722732401,1;240910800,4;102190027,8;3
UNIMED ARAGUARI COOPERATIVA DE TRABALHO MÉDICO ;MG;721363026,8;240454342,3;90386284,12;3
UNIMED CABO FRIO COOPERATIVA TRABALHO MÉDICO LTDA.;RJ;716370826,6;238790275,5;96061320,62;3
UNIMED SAÚDE E ODONTO S.A;SP;712068383,5;237356127,8;100149060,8;3
UNIMED DE LINS - COOPERATIVA DE TRABALHOS MÉDICOS;SP;707940237,4;235980079,1;85647536,16;3
VIVACOM PLANOS DE SAÚDE;GO;699670715;233223571,7;89558781,52;3
ESMALE ASSISTENCIA INTERNACIONAL DE SAUDE LTDA.;AL;692127173,9;230709058;78856103,71;3
UNIMED NOROESTE DO PARANÁ COOP DE TRABALHO MÉDICO .;PR;691487351,3;230495783,8;96286401,03;3
PARANA ASSISTENCIA MEDICA LTDA;PR;681353584,8;227117861,6;88628370,94;3
ASSOCIAÇÃO DE ASSISTÊNCIA À SAÚDE DA AMAGIS;MG;678784850,1;226261616,7;91011106,85;3
UNIMED EXTREMO OESTE CATARINENSE COOPERATIVA DE TRABALHO MÉDICO;SC;678096045,8;226032015,3;84556682,56;3
SISTEMAS E PLANOS DE SAÚDE LTDA.;SP;675704650,7;225234883,6;66912014,04;3
UNIMED MEIO OESTE CATARINENSE COOPERATIVA DE TRABALHO MÉDICO;SC;659714902,3;219904967,4;82388158,59;3
UNIODONTO DE CAMPINAS COOPERATIVA ODONTOLÓGICA;SP;656803497,8;218934499,3;92500758,38;3
IRMANDADE DA SANTA CASA DE MISERICORDIA DE LIMEIRA;SP;654164186,2;218054728,7;92621627,61;3
UNIMED MURIAÉ COOPERATIVA DE TRABALHO MEDICO LTDA;MG;652293599;217431199,7;83880612,02;3
UNIMED NORTE PIONEIRO - COOPERATIVA DE TRABALHO MÉDICO;PR;651590946,6;217196982,2;87241403,27;3
UNIMED CENTRO PAULISTA - FEDERAÇÃO INTRAFEDERATIVA DAS COOPERATIVAS MÉDICAS;SP;639749050,7;213249683,6;81857405,66;3
UNIMED DE GUARATINGUETA-COOPERATIVA DE TRABALHO MÉDICO;SP;634867671,5;211622557,2;82325720,73;3
FUNDACAO LEONOR DE BARROS CAMARGO;SP;632982827,6;210994275,9;83576634;3
UNIMED VALE DAS ANTAS, RS - COOPERATIVA DE ASSISTÊNCIA À SAÚDE LTDA.;RS;624476107,7;208158702,6;58156197,11;3
SULMED - ASSISTÊNCIA MÉDICA LTDA;RS;621011021,5;207003673,8;86134333,71;3
UNIMED LAVRAS COOPERATIVA DE TRABALHO MÉDICO;MG;619956795,8;206652265,3;84348336,68;3
ASSOCIAÇÃO POLICIAL DE ASSISTÊNCIA À SAÚDE;SP;617862603;205954201;78252165,41;3
CAIXA ASSISTENCIAL UNIVERSITÁRIA DO RIO GRANDE DO NORTE;RN;615583099,8;205194366,6;78604092,83;3
PLAMED PLANO DE ASSISTENCIA MEDICA LTDA;SE;606513629,5;202171209,8;86189362,65;3
UNIMED ALTA MOGIANA COOPERATIVA DE TRABALHO MÉDICO;SP;606460031,2;202153343,8;83855029,79;3
UNIMED TRÊS RIOS COOPERATIVA DE TRABALHO MÉDICO;RJ;602470749,5;200823583,2;74799002,07;3
HOSPITAIS E CLÍNICAS DO PIAUÍ S/S LTDA;PI;594064760,9;198021587;75015791,54;3
CAIXA DE ASSISTÊNCIA À SAUDE DOS EMPREGADOS DA CODEVASF - CASEC;DF;587359490,9;195786497;62055242,54;3
ASSOCIAÇÃO DE SAÚDE DO VALE;SC;586454831,1;195484943,7;80818751,15;3
ASSOCIAÇÃO DE SAÚDE DOS FORNECEDORES DE CANA DE PIRACICABA E REGIÃO;SP;580057391,1;193352463,7;84892759,4;3
MATÃO CLINICAS & AMHMA SAÚDE LTDA;SP;578553990,9;192851330,3;74237083,18;3
UNIMED DE SOBRAL SOCIEDADE COOPERATIVA MÉDICA LTDA;CE;578097576,7;192699192,2;79710115,16;3
UNIMED DE IBITINGA COOPERATIVA DE TRABALHO MÉDICO;SP;577247557,4;192415852,5;74242900,98;3
UNIMED SUL PAULISTA - COOPERATIVA DE TRABALHO MÉDICO;SP;574937317,4;191645772,5;75957258,52;3
ASSOCIAÇÃO DE ASSISTÊNCIA MÉDICO HOSPITALAR DOS MAGISTRADOS DO ESTADO DO PARANÁ;PR;573805230,4;191268410,2;83408657,59;3
PRONTOMED PLANOS DE SAÚDE LTDA;MG;573206141,6;191068713,9;69488592,22;3
TEMPO MED PLANO DE SAUDE LTDA;SC;571647349;190549116,3;92146105,24;3
ASSOCIAÇÃO DO PLANO DE SAÚDE DA SANTA CASA DE MISERICÓRDIA DE ITABUNA - PLANSUL;BA;554576184,7;184858728,2;67523403,21;3
AMHE MED ASSISTENCIA A SAUDE LTDA - EPP;SP;554441764,6;184813921,5;117862178,7;3
UNIMED COSTA VERDE RJ;RJ;551909247,8;183969749,3;60371010,28;3
SUL AMÉRICA ODONTOLÓGICO S/A;SP;548108422,4;182702807,5;68403055,61;3
UNIMED ITAÚNA COOPERATIVA DE TRABALHO MÉDICO LTDA.;MG;548076833,7;182692277,9;66062881,8;3
ASSOCIAÇÃO MINEIRA DE ASSISTÊNCIA À SAÚDE DOS MEMBROS DO MINISTÉRIO PÚBLICO;MG;547491024,2;182497008,1;77895427,4;3
UNIMED CAÇADOR COOPERATIVA DE TRABALHO MÉDICO DA REGIÃO DO CONTESTADO;SC;546465354,8;182155118,3;73895727,48;3
SÃO FRANCISCO ASSISTÊNCIA MÉDICA LTDA;PE;545421011,8;181807003,9;70299535,17;3
UNIMED ITUIUTABA COOPERATIVA TRABALHO MÉDICO LTDA.;MG;539225006,7;179741668,9;68284793,77;3
SANTA CASA DE MISERICORDIA DE SAO JOAQUIM DA BARRA;SP;536767627,8;178922542,6;74434331,21;3
BEST SENIOR OPERADORA DE SAÚDE LTDA;ES;535612911;178537637;94723136,93;3
UNIMED NOROESTE FLUMINENSE - COOPERATIVA DE TRABALHO MÉDICO LTDA;RJ;533479333,4;177826444,5;68568718,9;3
ELETROS SAÚDE - ASSOCIAÇÃO DE ASSISTÊNCIA À SAÚDE;RJ;531689227,2;177229742,4;78317873,76;3
UNIMED GUAXUPÉ COOPERATIVA DE TRABALHO MEDICO;MG;527892352,3;175964117,4;68739835,24;3
PLADISA PLANOS DE SAÚDE SA;SC;525867079,9;175289026,6;66283375,14;3
UNIMED SÃO LOURENÇO COOPERATIVA DE TRABALHO MÉDICO;MG;525177915,9;175059305,3;66571958,78;3
FUNDAÇÃO LIBERTAS DE SEGURIDADE SOCIAL;MG;523026827,3;174342275,8;65523729,06;3
VITA ASSISTÊNCIA A SAÚDE LTDA.;MG;522578250,5;174192750,2;96637606,37;3
UNIMED ALTO DA SERRA - SOCIEDADE COOPERATIVA DE SERVIÇO MÉDICO LTDA.;RS;522554729,2;174184909,7;64531342,07;3
UNIMED DE PINDAMONHANGABA - COOPERATIVA TRABALHO MEDICO;SP;517374787;172458262,3;66767669,6;3
COOPERATIVA DE TRABALHO MÉDICO DO PLANALTO NORTE DE SANTA CATARINA LTDA;SC;515521256,6;171840418,9;64487820,96;3
UNIMED NORTE PAULISTA - COOPERATIVA DE TRABALHO MÉDICO;SP;515261037,4;171753679,1;66464611,03;3
AMHA SAUDE S/A;SP;513091093,6;171030364,5;68286825,09;3
SAMOC S.A. - SOCIEDADE ASSISTENCIAL MÉDICA E ODONTO CIRÚRGICA;RJ;510200117,8;170066706;65636477,73;3
ASSOCIAÇÃO MAIS SAÚDE SANTA CASA DE SÃO JOÃO DA BOA VISTA;SP;507728009,2;169242669,7;76001521,54;3
INSTITUIÇÃO BENEFICENTE CEL MASSOT - IBCM;RS;505637985,2;168545995,1;81041319,15;3
CAIXA DE ASSISTÊNCIA À SAÚDE DO SINDICATO DOS FUNCIONÁRIOS INTEGRANTES DO GRUPO OCUPACIONAL ADMINISTRAÇÃO TRIBUTÁRIA DO ESTADO DE PERNAMBUCO;PE;504568930,2;168189643,4;73387227,22;3
COOPERATIVA DE TRABALHO MEDICO REGIÃO DO PLANALTO SERRANO;SC;502914911,8;167638303,9;70946215,27;3
COOPERATIVA DE TRABALHO MEDICO DE ARAGUAÍNA - UNIMED ARAGUAÍNA;TO;502197687,9;167399229,3;61221905,5;3
SÃO DOMINGOS SAÚDE- ASSISTÊNCIA MÉDICA  LTDA;SP;496510534,9;165503511,6;67085080,78;3
SAÚDE BRASIL ASSISTÊNCIA MÉDICA LTDA.;SP;490148542,8;163382847,6;77079405,49;3
AMAZÔNIA PLANOS DE SAÚDE LTDA;PA;485738161,5;161912720,5;64566209,89;3
UNIMED PATROCÍNIO COOPERATIVA DE TRABALHO MÉDICO LTDA.;MG;480624727,2;160208242,4;62900382,24;3
UNIMED MARQUES DE VALENÇA COOPERATIVA DE TRABALHO MÉDICO LTDA.;RJ;478269082,4;159423027,5;67761766,65;3
PLANO DE SAUDE ASES LTDA.;RJ;478057551;159352517;59835209,8;3
UNIMED REGIONAL DE TRES LAGOAS COOPERATIVA DE TRABALHO MÉDICO;MS;475846224,9;158615408,3;63538094,84;3
UNIMED DE BIRIGUI - COOPERATIVA DE TRABALHO MÉDICO;SP;474736851,4;158245617,1;63420493,58;3
ASSOCIAÇÃO SAÚDE SÃO JOSÉ;SC;473018787,2;157672929,1;59878240,09;3
UNIMED DE LORENA COOPERATIVA DE TRABALHO MÉDICO;SP;471841271,6;157280423,9;59411574,91;3
UNIMED DE TAUBATÉ COOPERATIVA DE TRABALHO MÉDICO;SP;469591271,4;156530423,8;52390555,05;3
ASSOCIAÇÃO POLICIAL DE ASSISTÊNCIA À SAÚDE DE BAURU;SP;469191221,7;156397073,9;58125135,89;3
UNIMED VALE DO JAURU COOPERATIVA DE TRABALHO MÉDICO;MT;465033567,7;155011189,2;54018138,57;3
ASSOCIAÇÃO SÃO LUIZ SAÚDE;SP;461669939,4;153889979,8;58870760,82;3
UNIMED DE BARRETOS COOPERATIVA DE TRABALHO MÉDICO;SP;460575350,9;153525117;59680443,34;3
UNIMED ALTO SÃO FRANCISCO COOPERATIVA DE TRABALHO MÉDICO;MG;460273458,2;153424486,1;58986589,57;3
CAIXA DE ASSISTÊNCIA DOS FUNCIONÁRIOS DO BANCO DA AMAZÔNIA - CASF;PA;458824604,9;152941535;50108359,99;3
IRMANDADE DE MISERICÓRDIA DO HOSPITAL DA SANTA CASA DE MONTE ALTO;SP;458050351,9;152683450,6;63234525,92;3
UNIMED DE AVARÉ COOPERATIVA DE TRABALHO MÉDICO;SP;450909782,5;150303260,8;57447079,9;3
DENTAL UNI - COOPERATIVA ODONTOLÓGICA;PR;444829916,7;148276638,9;63176121,73;3
ANAFE SAUDE;GO;444723721,7;148241240,6;56746963,89;3
UNIMED-RIO COOPERATIVA DE TRABALHO MEDICO DO RIO DE JANEIRO;RJ;438286071,6;438286071,6;0;1
UNIMED DE ANDRADINA - COOPERATIVA DE TRABALHO MÉDICO;SP;437581366,3;145860455,4;58619136,69;3
UNITY SERVIÇOS INTEGRADOS DE SAÚDE LTDA.;DF;435506272;145168757,3;66793987,96;3
CAIXA DE ASSISTÊNCIA AOS MEMBROS DA DEFENSORIA PÚBLICA DO ESTADO DO RIO DE JANEIRO;RJ;433694408,1;144564802,7;58549591,62;3
CAIXA DE ASSISTÊNCIA SISTEMA SAÚDE INTEGRAL-SSI SAUDE;RS;423087929,9;141029310;60823344,81;3
UNIMED DE CAPIVARI -COOPERATIVA DE TRABALHO MÉDICO;SP;422097312,5;140699104,2;54679010,05;3
LEADER ASSISTÊNCIA MÉDICA E HOSPITALAR LTDA.;SP;421799745,8;140599915,3;50020838,58;3
ASSOCIAÇÃO FUNDO DE PROTEÇÃO À SAÚDE;PR;418966791,9;139655597,3;52007151,74;3
FEDERAÇÃO DAS SOCIEDADES COOPERATIVAS DE TRABALHO MÉDICO DO ACRE, AMAPÁ, AMAZONAS, PARÁ, RONDONIA E RORAIMA;AM;414051801;414051801;0;1
ÚNICA ASSISTENCIA MEDICA LTDA ;SP;412757650,4;137585883,5;49536407,16;3
IRMANDADE DA SANTA CASA DE MISERICÓRDIA DE PASSOS;MG;411144719,3;137048239,8;58214768,84;3
IRMANDADE DE MISERICORDIA DE PORTO FERREIRA;SP;406959121,8;135653040,6;58739925,24;3
GS PLANO GLOBAL DE SAÚDE LTDA;RJ;402797088,6;134265696,2;55973518,47;3
UNIMED VERTENTE DO CAPARAÓ - COOPERATIVA DE TRABALHO MÉDICO LTDA;MG;395425673;131808557,7;40767022,33;3
UNIMED CATAGUASES COOPERATIVA DE TRABALHO MÉDICO LTDA;MG;392297039,8;130765679,9;48688223,19;3
UNIMED DE TUPA COOPERATIVA DE TRABALHO MÉDICO;SP;384197517,6;128065839,2;51426660,02;3
MAIS SAÚDE PLANO DE SAÚDE LTDA;GO;381430636,2;127143545,4;58166701,22;3
ASSOCIAÇÃO DOS AUDITORES FISCAIS DO ESTADO DA PARAÍBA - AFRAFEP;PB;379945678,4;126648559,5;51114888,14;3
OPERADORA DE PLANOS PRIVADOS DE SAÚDE - SANTA CASA SAÚDE LTDA;MS;379328420,9;126442807;47229911,91;3
SANTA CASA DE MISERICÓRDIA DE VOTUPORANGA;SP;375504383,5;125168127,8;47612437,7;3
BIO SAÚDE SERVIÇOS MÉDICOS LTDA;SP;375328717,6;125109572,5;32392003,49;3
UNIMED VIÇOSA - COOPERATIVA DE TRABALHO MÉDICO;MG;372313716,9;124104572,3;50213007,46;3
ASSOCIAÇÃO DOS FUNCIONÁRIOS DO FISCO DO ESTADO DE GOIÁS;GO;371196510,7;123732170,2;51217617,93;3
UNIMED DE MINEIROS COOPERATIVA DE TRABALHO MÉDICO ;GO;369290994,2;123096998,1;48096433;3
INTERMEDICI PIRACICABA ASSISTENCIA MEDICA LTDA;SP;368080247;122693415,7;50617727,89;3
UNIMED DE UBA COOPERATIVA DE TRABALHO MEDICO;MG;367099533,7;122366511,2;51908608,27;3
CONFERÊNCIA SÃO JOSÉ DO AVAÍ;RJ;364624074,9;121541358,3;57350941,73;3
UNIMED VILHENA - COOPERATIVA DE TRABALHO MEDICO LTDA;RO;361155595;120385198,3;62095220,39;3
CAIXA DE ASSISTÊNCIA DOS MAGISTRADOS DE PERNAMBUCO;PE;360319852,3;120106617,4;47980686,78;3
UNIMED DE PIRASSUNUNGA COOPERATIVA DE TRABALHO MÉDICO;SP;358247279,2;119415759,7;53638517,32;3
UNIMED TRÊS CORAÇÕES COOPERATIVA DE TRABALHO MÉDICO LTDA.;MG;356865745,4;118955248,5;46972124,5;3
UNIMED DE MOCOCA COOPERATIVA DE TRAB. MÉDICO;SP;354612995,4;118204331,8;50797383,31;3
UNIMED GURUPI COOPERATIVA DE TRABALHO MÉDICO;TO;353767365,4;117922455,1;41635510,17;3
ASSOCIAÇÃO PARANAENSE DE ASSISTÊNCIA À SAUDE DOS MEMBROS DO MINISTERIO PUBLICO DO PARANÁ;PR;353640282,2;117880094,1;43938844,5;3
UNIMED PONTAL DO TRIÂNGULO - COOPERATIVA DE TRABALHO MÉDICO;MG;350792210,5;116930736,8;40547399,92;3
UNIMED CARATINGA - COOPERATIVA DE TRABALHO MÉDICO LTDA;MG;349160660,9;116386887;41755073,1;3
UNIMED NOROESTE DE MINAS COOPERATIVA DE TRABALHO MEDICO LTDA;MG;346042405,5;115347468,5;46873643,1;3
UNIMED NORTE DO PARANÁ COOPERATIVA REGIONAL DE TRABALHO MÉDICO;PR;344463930,2;114821310,1;43833468,67;3
TERRAMAR ADMINISTRADORA DE PLANO DE SAUDE LTDA;BA;333424901,7;111141633,9;41234224,7;3
PLANO ODONTOLÓGICO DENTALVIDAS LTDA.;SP;324812234,9;108270745;49484214,45;3
FUNDAÇÃO FILANTRÓPICA E BENEFICENTE DE SAÚDE ARNALDO GAVAZZA FILHO;MG;324723272,8;108241090,9;43629335,97;3
UNIMED FRUTAL COOPERATIVA DE TRABALHO MEDICO LTDA;MG;324334685,5;108111561,8;37332060,49;3
UNIMED PLANALTO CENTRAL/RS - COOPERATIVA DE ASSISTÊNCIA  À SAÚDE LTDA.;RS;324316827;108105609;44362253,3;3
UNIODONTO DE SÃO JOSÉ DOS CAMPOS COOPERATIVA DE TRABALHO ODONTOLÓGICO;SP;319522156,2;106507385,4;44516006,85;3
UNIMED VALE DO PIQUIRI-COOPERATIVA DE TRABALHO MÉDICO VALE DO PIQUIRI ;PR;315978507,3;105326169,1;42470193,38;3
UNIMED ALFENAS COOPERATIVA DE TRABALHO MEDICO;MG;310921800,1;103640600;37769219,97;3
POLI SAUDE OPERADORA DE PLANO DE SAUDE LTDA;PR;309998564,6;103332854,9;41570465,43;3
AMPARA ASSISTÊNCIA MÉDICA PARAÍSO LTDA;MG;309818892,9;103272964,3;37898376,76;3
FUNDAÇÃO FIAT SAÚDE E BEM ESTAR;MG;308851967,1;102950655,7;36979749,3;3
AMEP FREGUESIA OPERADORA DE PLANO DE SAUDE LTDA;RJ;308048951,8;102682983,9;39135486,67;3
PRONTOCLINICA E HOSPITAIS SAO LUCAS S/A;MG;299962413,6;99987471,21;30865654,21;3
UNIMED REGIÃO DA CAMPANHA/RS - COOPERATIVA DE ASSISTÊNCIA À SAÚDE LTDA.;RS;299687654,6;99895884,86;39523175,32;3
BRASILDENTAL OPERADORA DE PLANOS ODONTOLÓGICOS S.A.;SP;298290093,5;99430031,17;43347890,9;3
FUNDAÇÃO DE ASSISTÊNCIA À SAÚDE DA ASSOCIAÇÃO DO MINISTÉRIO PÚBLICO DO RIO GRANDE DO SUL;RS;292409993,2;97469997,73;43664426,81;3
SF SISTEMAS DE SAÚDE LTDA;SP;289843855,4;96614618,47;46181272,33;3
ASSOCIAÇÃO FCA SAÚDE;MG;287504747,7;95834915,91;36967249,09;3
UNIMED DE SAO JOSÉ DO RIO PARDO-COOP. DE TRAB. MÉDICO;SP;287502720,1;95834240,04;40498532,24;3
UNIMED LEOPOLDINA COOPERATIVA DE TRABALHO MÉDICO LTDA;MG;283186828,7;94395609,58;43525208,54;3
UNIMED SÃO SEBASTIÃO DO PARAÍSO COOPERATIVA DE TRABALHO MÉDICO;MG;282469343,1;94156447,68;33958884,67;3
PREVIDENT ASSISTÊNCIA ODONTOLÓGICA S.A;SP;277816754,7;92605584,9;36225116,88;3
UNIMED DE ADAMANTINA-COOPERATIVA DE TRABALHO MÉDICO;SP;276724705,9;92241568,62;36156914,34;3
CAIXA DE ASSISTÊNCIA DOS EMPREGADOS DO BANEB;BA;275496144,9;91832048,29;25024759,04;3
ASSOCIAÇÃO PLANO DE SAÚDE SANTA CASA DE VALINHOS;SP;273685399;91228466,34;34452042,79;3
UNIMED DE DRACENA - COOPERATIVA DE TRABALHO MÉDICO;SP;271596860,6;90532286,88;36356394,44;3
ASSOCIAÇÃO POLICIAL DE ASSISTÊNCIA À SAÚDE DE RIBEIRÃO PRETO (APAS);SP;270985781,7;90328593,89;33470216,51;3
UNIMED SUDOESTE DE MINAS COOPERATIVA DE TRABALHO MÉDICO;MG;270676723,3;90225574,42;41205316,67;3
SBC SAÚDE LTDA.;SP;269673652,3;89891217,44;31082986,95;3
PLAMER PLANO MEDICO RESENDE LTDA;RJ;265034678,5;88344892,82;28338711,99;3
SOCIEDADE BENEFICENTE DEZOITO DE JULHO;MG;262106242,5;87368747,49;34314560,67;3
ASSOCIACAO DOS PROFESSORES UNIVERSITÁRIOS DA BAHIA;BA;258898107,4;86299369,13;31864507,4;3
UNIMED CALDAS NOVAS - COOPERATIVA DE TRABALHO MEDICO;GO;252446204,9;84148734,97;32401943,84;3
IRMANDADE DA SANTA CASA DE MISERICÓRDIA E MATERNIDADE DONA ZILDA SALVAGNI;SP;251519122,5;83839707,51;32505704,59;3
CAIXA DE ASSISTÊNCIA DOS EMPREGADOS DO BANESE;SE;246092417,6;82030805,87;27594015,32;3
UNIMED DE REGISTRO COOPERATIVA DE TRABALHO MÉDICO;SP;242447285,8;80815761,94;29924096,24;3
UNIMED DE MONTE ALTO - COOPERATIVA DE TRABALHO MÉDICO;SP;240746071;80248690,34;32620660,09;3
FILOSANITAS SAUDE LTDA;SP;240613413,7;80204471,23;35462669,55;3
UNIMED TRÊS PONTAS - COOPERATIVA DE TRABALHO MÉDICO;MG;239448201,3;79816067,11;31751185,89;3
UNIX SAÚDE S.A;BA;235917751,4;78639250,46;27803629,39;3
UNIMED VALE DO CORUMBÁ COOPERATIVA DE TRABALHO MEDICO;GO;235734152,5;78578050,82;31608588,45;3
UNIMED REGIONAL DE FLORIANO - COOPERATIVA DE TRABALHO MÉDICO;PI;233747731,3;77915910,44;29525064,61;3
ASSOCIAÇÃO POLICIAL DE ASSISTÊNCIA A SAÚDE DA BAIXADA SANTISTA;SP;232378267,3;77459422,43;26686825,98;3
ADVANCE PLANOS DE SAÚDE LTDA;SP;232209439,5;77403146,5;31810479,66;3
ASSOCIAÇÃO DOS AUDITORES FISCAIS DA RECEITA ESTADUAL DO RIO DE JANEIRO;RJ;231204061,9;77068020,62;27074250,92;3
TRINO - ALIANCA FILANTRÓPICA DE ASSISTÊNCIA E INTEGRAÇÃO PARA O DESENVOLVIMENTO DA SAUDE;ES;230259639,9;76753213,29;33598711,5;3
ASSOCIAÇÃO DOS EMPREGADOS DA COMPANHIA ESTADUAL DE HABITAÇÃO E OBRAS PÚBLICAS - ASSEC;SE;230199477,8;76733159,25;30496611,01;3
UNIMED REGIÃO DA FRONTEIRA - RS COOPERATIVA DE ASSISTÊNCIA À SAÚDE LTDA.;RS;229611871;76537290,32;29877897,09;3
FUNDACAO CAPITAL PREVIDENCIA E SAUDE - CAPITAL PREV;ES;227827361,3;113913680,7;31671809,21;2
FEDERAÇÃO DAS COOP ODONTOLÓGICAS DO ESTADO DE SANTA CATARINA;SC;224619095,7;74873031,9;32229591,36;3
PB ASSISTENCIA MEDICA EU LTDA;BA;222783325,2;74261108,41;36862424,34;3
SV SAUDE ADMINSTRADORES DE PLANO DE SAUDE LTDA;RJ;222467421,2;74155807,07;30420276,01;3
ASSOCIAÇÃO SANTA CASA CLÍNICAS DE BIRIGUI;SP;221108194,3;73702731,43;29567148,38;3
ALLIANZ SAÚDE S/A;SP;219149068,4;73049689,46;9909692,9;3
ASSOCIAÇÃO VALEPARAIBANA DE ASSISTÊNCIA MÉDICA POLICIAL;SP;216719302,4;72239767,45;10824921,06;3
ASSOCIAÇÃO POLICIAL DE ASSISTÊNCIA À SAÚDE DE ARAÇATUBA (APAS);SP;215857416,9;71952472,31;25498988,71;3
UNIMED CACERES COOPERATIVA DE TRABALHO MÉDICO ;MT;215567357,2;71855785,74;22877749,62;3
UNIMED SUDOESTE PAULISTA COOPERATIVA DE TRABALHO MÉDICO;SP;209644960;69881653,33;26005837,34;3
UNIODONTO BELÉM - COOPERATIVA DE ASSISTÊNCIA À SAÚDE ODONTOLÓGICA;PA;209556958,9;69852319,64;29871682,74;3
ASSOCIAÇÃO SAÚDE CONCEIÇÃO;SC;208228090,2;69409363,41;27493959,05;3
ASSOCIAÇÃO DOS SERVIDORES MUNICIPAIS, ESTADUAIS E FEDERAIS DO RIO DE JANEIRO;RJ;204069358,3;68023119,44;14199702,43;3
PESSOAL SAÚDE PLANOS DE ASSISTÊNCIA MÉDICA LTDA;SP;203053734;67684578,01;25440350,32;3
EVANGELICO SAUDE LTDA.;PR;202310046,6;67436682,19;24153674,26;3
ATÍVIA SERVIÇOS DE SAÚDE S/A;SP;201282938,5;100641469,3;15655480,22;2
SANTA CASA DE MISERICORDIA HOSPITAL SÃO VICENTE;SP;200503208,9;66834402,98;27566945,69;3
MAIS SAUDE S/A;ES;194284786,2;97142393,08;38609744,39;2
UNIMED NORTE/NORDESTE-FEDERAÇÃO INTERFEDERATIVA DAS SOCIEDADES COOPERATIVAS DE TRABALHO MÉDICO EM RECUPERAÇÃO JUDICIAL;PB;193466496,7;64488832,22;4754784,43;3
ASSOCIAÇÃO GOIANA DO MINISTÉRIO PÚBLICO;GO;192810208;64270069,32;25847625,2;3
AME VVIDA PLANOS DE SAUDE INTEGRADO LTDA.;RO;192745775,4;64248591,81;23425349,1;3
UNIMED REGIÃO DA PRODUÇÃO/RS - COOPERATIVA DE ASSISTÊNCIA À SAÚDE LTDA;RS;192388372,2;64129457,4;27620200,84;3
COOPERATIVA DOS USUÁRIOS DE SERVIÇOS DE SAÚDE LTDA.;RS;189741655,6;63247218,52;26686647,65;3
UNIMED ALTO JACUÍ/RS - COOPERATIVA DE ASSISTÊNCIA À SAÚDE LTDA;RS;189567850,9;63189283,65;20674346,27;3
SOCIEDADE PORTUGUESA DE BENEFICÊNCIA;RS;185520217,6;61840072,52;22283471,02;3
UNIMED DE JATAÍ COOPERATIVA DE TRABALHO MÉDICO LTDA.;GO;182911168,9;60970389,63;23269088,18;3
UNIODONTO DE FORTALEZA COOPERATIVA DE TRABALHO ODONTOLOGICO LTDA;CE;181608551,1;60536183,69;23987776,29;3
SANTA CASA DE MISERICÓRDIA E BENEFICÊNCIA PORTUGUESA;SP;177810973;59270324,33;27185165,06;3
CAIXA DE ASSISTÊNCIA DO SINDFISCO - CASSIND;SE;169007446,8;56335815,61;24474625,53;3
SANTA CASA DE SAÚDE - SCS;ES;166623363,3;55541121,08;21589101,11;3
DESBAN - FUNDAÇÃO BDMG DE SEGURIDADE SOCIAL;MG;166121236,9;55373745,62;20500728,01;3
UNIMED PATOS - COOPERATIVA DE TRABALHO MÉDICO;PB;165386859,8;55128953,25;21601164,07;3
UNIMED DO OESTE DA BAHIA COOPERATIVA DE TRABALHO MÉDICO;BA;164675408,3;54891802,76;17544053,94;3
UNIMED DE PENAPOLIS - COOPERATIVA DE TRABALHO MEDICO;SP;164675332,4;54891777,47;24991262,03;3
UNIODONTO PORTO ALEGRE COOPERATIVA ODONTOLOGICA LTDA;RS;164101645,3;54700548,45;26686766,81;3
UNIODONTO/RN - COOPERATIVA ODONTOLOGICA DO RIO GRANDE DO NORTE;RN;163905437,3;54635145,78;21271596,3;3
HOSPITAL DE PRONTOCLINICA LTDA.;RS;161300854;53766951,33;18181759,99;3
FUNASA SAÚDE;PB;160393917,3;53464639,11;19253487,49;3
UNIODONTO DE SC COOPERATIVA ADMINISTRADORA DE CONTRATOS;SC;160342575,1;53447525,03;20698612,88;3
UNIODONTO REGIONAL COOPERATIVA ODONTOLOGICA;MG;157462314,5;52487438,15;23420452,58;3
UNIODONTO PIRACICABA - COOPERATIVA ODONTOLÓGICA;SP;157316395,9;52438798,64;22262759,92;3
UNIDENTIS ASSISTENCIA ODONTOLOGICA LTDA.;PB;155887750,2;51962583,41;20177265,23;3
UNIMED SÃO JOÃO NEPOMUCENO COOPERATIVA DE TRABALHO MÉDICO LTDA.;MG;154804324,3;51601441,44;20311660,3;3
ATITUDE SAÚDE ASSISTÊNCIA MEDICA LTDA;BA;154678182,6;51559394,2;23241644,44;3
UNIODONTO MACEIÓ COOPERATIVA ODONTOLÓGICA;AL;153477796;51159265,34;21324134,46;3
AURORA SAÚDE LTDA;MG;153100050,4;51033350,12;23627167,72;3
UNIMED MACHADO COOPERATIVA DE TRABALHO MEDICO;MG;153093603,2;51031201,08;19954776,38;3
UNIMED VALE DO CARANGOLA COOPERATIVA DE TRABALHO MEDICO LTDA;MG;151745238,4;50581746,13;20148217,41;3
COOPERATIVA DOS USUÁRIOS DE SERVIÇOS DE SAÚDE DO VALE DO RIO DOS SINOS LTDA;RS;147940848,1;49313616,02;18564107,38;3
CARE PLUS ODONTOLOGIA ASSISTENCIAL LTDA.;SP;146677873,1;48892624,36;37312714,68;3
UNIMED DE CORUMBA COOPERATIVA DE TRABALHO MÉDICO;MS;144134199,3;48044733,11;19889364,16;3
NACIONAL ODONTO OPERADORA DE PLANOS ODONTOLÓGICOS LTDA.;PE;142626161,4;47542053,81;17285552,97;3
UNIMED PONTE NOVA COOPERATIVA DE TRABALHO MEDICO LTDA;MG;142558001,7;47519333,9;19551359,19;3
VIVENTERIS LTDA;PR;142503843,6;47501281,2;16669387,5;3
VIDA TOP MAIS SAÚDE OPERADORA DE PLANOS DE SAÚDE LTDA.;SP;142079800,1;47359933,36;21374558,46;3
UNIODONTO GOIANIA COOPERATIVA DE CIRURGIÕES DENTISTAS;GO;140906650,3;46968883,43;20452944;3
ASSOCIAÇAO UNISAUDE MARAU;RS;139309636,4;46436545,46;15204480,92;3
SUL DO PARÁ LTDA;PA;136406824,8;45468941,58;10851872,18;3
RIO DOCE SAÚDE;ES;135702587;45234195,65;18445888,08;3
ON MED ASSISTÊNCIA MÉDICA LTDA;RS;132774173,6;44258057,88;25595580,32;3
ASSOCIACAO POLICIAL DE ASSISTENCIA A SAUDE DE PRESIDENTE PRUDENTE (APAS);SP;131409980,9;43803326,97;17382436,49;3
TOTAL ASSISTÊNCIA MÉDICA HOSPITALAR LTDA;MG;121674120,5;40558040,16;18106144,44;3
UNIMED MORRINHOS COOPERATIVA DE TRABALHO MEDICO;GO;119104113,4;39701371,14;17416365,59;3
UNIMED REGIONAL DE PICOS - COOPERATIVA DE TRABALHO MÉDICO;PI;116594385;38864794,99;15163604,25;3
ASSOCIAÇÃO POLICIAL DE ASSISTÊNCIA A SAÚDE;SP;116393771,7;38797923,88;15398219,99;3
R.M.I. OPERADORA DE SAÚDE INTEGRADA LTDA;SP;116122486,1;58061243,05;11890256,22;2
ODONTO EMPRESAS CONVENIOS DENTARIOS LTDA.;SP;114433508,4;38144502,79;14681838,36;3
FUNDAÇÃO PLAMHUV - PLANO MÉDICO HOSPITALAR DOS HOSPITAIS UNIDOS DE VIÇOSA;MG;112853317,5;37617772,5;15341972,47;3
UNIODONTO DE JOÃO PESSOA COOPERATIVA ODONTOLÓGICA;PB;111311197;37103732,33;12920728,37;3
UNIMED SOUSA - COOPERATIVA DE TRABALHO MÉDICO;PB;106894441,8;35631480,58;11800614,3;3
SEPACO SAÚDE LTDA;SP;104609853,7;34869951,23;5936652,71;3
UNIODONTO DO BRASIL CENTRAL NACIONAL DAS COOPERATIVAS ODONTÓLOGICAS;SP;102882014,4;34294004,8;15865808,6;3
HOSPITAL CESAR LEITE;MG;102406313,2;34135437,74;14824484,82;3
CAIXA DE ASSISTÊNCIA À SAÚDE DOS TRABALHADORES NAS INDÚSTRIAS METALÚRGICAS, MECÂNICAS E DO MATERIAL ELÉTRICO DE BRUSQUE;SC;100953714,7;33651238,23;12736592,54;3
OPLAN SAÚDE OPERADORA DE PLANO DE SAÚDE LTDA;RJ;100925105,5;33641701,83;14391032,17;3
SOCIEDADE DE ASSISTÊNCIA MÉDICA - SAMEISA;RS;100294399;33431466,34;12631227,45;3
CONFIANÇA ASSISTÊNCIA MÉDICO HOSPITALAR LTDA;MG;99968345,26;33322781,75;10740000,16;3
ASSOCIACAO DE SAUDE HOLAMBRA;SP;99473224,19;33157741,4;14795600;3
ODONTOGROUP SISTEMA DE SAÚDE LTDA.;DF;99414571;33138190,33;14081897,93;3
UNIMED INTRAFEDERATIVA FEDERAÇÃO REGIONAL SUL DE MINAS;MG;98596467,65;32865489,22;12746222,31;3
UNIMED CAMPO BELO- COOPERATIVA DE TRABALHO MÉDICO;MG;98100789,77;32700263,26;11330407,62;3
ASSOCIAÇÃO BENEFICENTE CATÓLICA;MG;97883844,29;32627948,1;11465325,3;3
ASSOCIAÇÃO DOS FUNCIONÁRIOS FISCAIS DO ESTADO DO AMAZONAS - AFFEAM;AM;97677206,55;32559068,85;16027621,65;3
UNIODONTO PAULISTA-FEDERAÇÃO DAS COOPERATIVAS ODONTOLÓGICAS DO ESTADO DE SÃO PAULO;SP;94660625,45;31553541,82;13699214,24;3
CAIXA ASSISTENCIAL UNIVERSITARIA DO RIO DE JANEIRO;RJ;93762494,53;31254164,84;11508902,61;3
ANGELI SISTEMAS DE SAUDE S.A.;PR;92547564,67;30849188,22;12004540,16;3
UNIODONTO DE MANAUS - COOPERATIVA ODONTOLÓGICA LTDA.;AM;91099545,35;30366515,12;11830172,42;3
SISTEMA TOTAL DE SAÚDE LTDA.;SP;90579913,81;30193304,6;10570109,53;3
HOSPITAL S.P. LTDA.;RS;89546053,12;29848684,37;10284208,79;3
ASSOCIAÇÃO POLICIAL DE ASSISTENCIA À SAUDE DE SAO JOAO DA BOA VISTA;SP;88857578,32;29619192,77;11609425,63;3
AME-ASSISTÊNCIA MÉDICA A EMPRESAS LTDA;MG;87876163,46;29292054,49;10063641,96;3
MEDGOLD ASSISTENCIA MEDICA LTDA - ME;MG;87359998,51;29119999,5;9256294,2;3
MEDIC GLOBAL PLANOS DE SAÚDE LTDA.;MG;85055039,86;28351679,95;11452585,86;3
PORTOMED - PORTO SEGURO SERVIÇOS DE SAUDE LTDA;SP;84367238,04;28122412,68;21757161,1;3
PRONTO SOCORRO CONDE DE MOREIRA LIMA;SP;83594177,7;27864725,9;10644696,98;3
PLANO ASSISTENCIAL SÃO LUCAS LTDA;MG;83127692,9;27709230,97;8005289,09;3
PLAMESC PLANOS DE SAÚDE LTDA;RJ;81277824,37;27092608,12;9958767,3;3
ORALE ASSISTÊNCIA ODONTOLÓGICA LTDA;BA;79827250,78;26609083,59;9298262,46;3
PRIMA VIDA ODONTOLOGIA DE GRUPO LIMITADA;RJ;79542047,03;26514015,68;9208919,49;3
ASSOCIACAO POLICIAL DE ASSISTENCIA A SAUDE DE ITAPETININGA;SP;78429179,74;26143059,91;9092567,7;3
UNIODONTO DE AMERICANA COOPERATIVA ODONTOLÓGICA;SP;78340886,51;26113628,84;10540936,93;3
VOCÊ TOTAL PLANOS DE SAÚDE LIMITADA;SP;76686873,84;25562291,28;16452427,91;3
SANTA CASA DE MISERICÓRDIA DE TUPÃ;SP;74640525,49;24880175,16;8471767,13;3
UNIMED DE BATATAIS - COOPERATIVA DE TRABALHO MÉDICO;SP;72929379,7;24309793,23;8726752,02;3
COMSEDER - COOPERATIVA DE ASSISTÊNCIA MÉDICA DOS SERVIDORES DA SUPLAN E DO DER LTDA;PB;72486202,77;24162067,59;8697075,8;3
ASSOCIACAO CIVIL PRÓ-SAÚDE DOS SERVIDORES DA UNIVERSIDADE ESTADUAL DE PONTA GROSSA;PR;71758200,47;23919400,16;9751790,59;3
ASSOCIAÇÃO UNIVIDA SANTA RITA DO PASSA QUATRO;SP;71425398,3;23808466,1;8680108,31;3
SERVDONTO - PLANO DE ASSISTÊNCIA ODONTOLÓGICA LTDA;SE;71115048,13;23705016,04;9393564,49;3
DONA SAÚDE CLINICAS LTDA ;SP;65673368,11;21891122,7;1749192,38;3
CEDPLAN SAÚDE LTDA EPP;MG;65265171,13;21755057,04;7825131,18;3
UNIODONTO UBERABA - COOPERATIVA DE ASSISTÊNCIA À SAÚDE ODONTOLÓGICA LTDA;MG;65128624,11;21709541,37;9330210,21;3
ASSOCIAÇÃO DO FISCO DE ALAGOAS;AL;63386021,42;21128673,81;15238479,59;3
S1 OPERADORA DE PLANO DE SAÚDE LTDA;DF;62702709,28;20900903,09;8458059,46;3
NOSAMED ASSISTÊNCIA MÉDICA LTDA.;SP;62549369,13;20849789,71;8103890,53;3
TELOS - FUNDAÇÃO EMBRATEL DE SEGURIDADE SOCIAL;RJ;61467003,38;20489001,13;10298952,6;3
PLENUM ASSISTENCIA MEDICA  LTDA;DF;61218573,29;30609286,65;9502484,84;2
UNIMED CAJAZEIRAS - SOCIEDADE COOPERATIVA DE TRABALHO MÉDICO;PB;59796130,91;19932043,64;8217523,68;3
UNIMED VALE DO URUCUIA - COOPERATIVA DE TRABALHO MEDICO LTDA;MG;59518891,26;19839630,42;7530171,55;3
FUNDO DE ASSISTÊNCIA MÉDICO-HOSPITALAR DO MINISTÉRIO PÚBLICO;MS;59437418,25;19812472,75;9557796,4;3
CAIXA BENEFICENTE DOS FUNCIONÁRIOS DO GRUPO IGUAÇU;PR;57590703,09;19196901,03;6499253,5;3
UNIODONTO DE SOROCABA COOPERATIVA ODONTOLÓGICA;SP;56843241,24;18947747,08;8291564,09;3
PERSONAL CARE OPERADORA DE SAÚDE SA;SP;56329108,17;28164554,08;5655397,09;2
ASSOCIAÇÃO POLICIAL DE ASSISTÊNCIA À SAÚDE DE BARRETOS;SP;55843251,31;18614417,1;6991226,21;3
SEMPRE ODONTO PLANOS ODONTOLOGICOS LTDA;RJ;54522793,52;18174264,51;6764442,6;3
CARING SAÚDE ASSISTÊNCIA MÉDICA LTDA.;RJ;54216826,86;18072275,62;7277665,43;3
UNIODONTO DE ARARAQUARA COOPERATIVA ODONTOLÓGICA;SP;53797413,37;17932471,12;7591674,99;3
UNIODONTO VALE HISTORICO COOPERATIVA ODONTOLOGICA;SP;52771368,38;17590456,13;7478856,28;3
UNIODONTO DO SUL GOIANO COOPERATIVA ODONTOLOGICA;GO;51663833,13;17221277,71;6148924,62;3
UNIODONTO DE JUNDIAÍ COOPERATIVA ODONTOLÓGICA;SP;51269536,85;17089845,62;6553218,03;3
SAMIG - SERV. DE ASSISTENCIA MEDICA DA ILHA DO GOVERNADOR LTDA;RJ;48890613,37;16296871,12;3297363,65;3
ASSOCIAÇÃO POLICIAL DE ASSISTÊNCIA À SAÚDE DE PRESIDENTE VENCESLAU;SP;47798442,04;15932814,01;5875691,04;3
ASSOCIAÇÃO POLICIAL DE ASSISTÊNCIA À SAÚDE DE DRACENA;SP;47314320,36;15771440,12;6656830,37;3
ASSOCIAÇÃO DOS SERVIDORES PÚBLICOS DA ADMINISTRAÇÃO DIRETA DO GOVERNO DO ESTADO DO PARÁ - ASPARÁ;PA;46713483,9;15571161,3;6369686,46;3
PLANO DE ASSISTÊNCIA MÉDICA MINEIRA LTDA;MG;46378825,07;15459608,36;6616201,51;3
ODONTOART PLANOS ODONTOLÓGICOS LTDA;CE;46311310,92;15437103,64;6306763,32;3
UNIODONTO ESPIRITO SANTO COOPERATIVA ODONTOLOGICA;ES;45733847,38;15244615,79;6142703,33;3
CAMIM OPERADORA DE PLANO DE SAÚDE LTDA;RJ;45437514,21;15145838,07;4603450,74;3
COOPERATIVA ODONTOLÓGICA POÇOS DE CALDAS;MG;45275802,7;15091934,23;5709175,43;3
ASSOCIAÇÃO HOSPITAL SAÚDE DE VARGEM GRANDE DO SUL;SP;45237364,57;15079121,52;5481654,89;3
ASSOCIAÇÃO POLICIAL DE ASSISTÊNCIA À SAÚDE - VALE DO RIBEIRA;SP;45164216,41;15054738,8;3272931,72;3
PLANO VIDA SAUDE SERVIÇOS ODONTOLOGICOS LTDA;SE;44517903,97;14839301,32;6132087,5;3
UNIODONTO MARINGA COOPERATIVA ODONTOLOGICA;PR;44452237,5;14817412,5;6170583,8;3
DENTALPAR ASSISTÊNCIA ODONTOLÓGICA EMPRESARIAL LTDA.;SP;44268673,72;14756224,57;5793653,88;3
PRESERVE SAUDE ASSISTENCIA MEDICA LTDA;BA;43611238,12;14537079,37;5163065,17;3
SD-M OPERADORA DE PLANOS DE SAUDE LTDA;RJ;43049475,9;14349825,3;5421884,36;3
VALE PLANOS DE SAÚDE LTDA;PE;42265403,93;14088467,98;9179768,92;3
ASSOCIAÇÃO SAÚDE RURAL ALEGRETE;RS;41376686,78;13792228,93;6561759,07;3
ASSOCIAÇÃO POLICIAL DE ASSISTÊNCIA À SAÚDE DE JAÚ;SP;40410469,6;13470156,53;3801494,87;3
CAIXA DE ASSISTÊNCIA DOS EMPREGADOS DO SETOR PÚBLICO DO ESTADO DE GOIÁS - CAEME;GO;39816572,75;13272190,92;5333999,38;3
UNIODONTO DE LONDRINA COOP. ODONTOLÓGICA;PR;39664374,11;13221458,04;5221000,23;3
UNIODONTO DE PRESIDENTE PRUDENTE COOPERATIVA ODONTOLOGICA;SP;39239164,5;13079721,5;2808220,75;3
DENTAL CENTER LTDA;PB;37880995,88;12626998,63;4895956,8;3
ASSOCIACAO DOS SERVIDORES DA EMDAGRO - ASSEM;SE;37646491,83;12548830,61;4778942,91;3
UNIODONTO JACAREÍ COOPERATIVA ODONTOLÓGICA;SP;37533596,36;12511198,79;5082552,75;3
ASSOCIAÇÃO POLICIAL DE ASSISTÊNCIA À SAÚDE APAS;SP;37234346,12;12411448,71;2633722,05;3
COOPERATIVA ODONTOLÓGICA DO ESTADO DO AMAPÁ;AP;36483422,18;12161140,73;5045116,61;3
ASSOCIAÇÃO POLICIAL DE ASSISTENCIA A SAUDE DE BOTUCATU;SP;35955947,94;11985315,98;6481895,99;3
BENEFICENCIA SOCIAL BOM SAMARITANO;MG;35752530,54;11917510,18;5115181,81;3
AESP ODONTO ASSISTÊNCIA ODONTOLÓGICA S/S LTDA EPP;SP;35384222,78;11794740,93;5613456,05;3
RODRIGUES LEIRA ODONTOLOGIA LTDA.;SP;35193576,26;11731192,09;5009609,84;3
SANTA CASA DE MISERICÓRDIA E ASILO DOS POBRES DE BATATAIS;SP;35018767,51;11672922,5;3713295,35;3
HSMED SAUDE LTDA;RJ;35014520,9;11671506,97;4473636,9;3
MH VIDA - OPERADORA DE PLANOS DE SAÚDE LTDA;RJ;33226785,76;11075595,25;4918318,64;3
PD BRASIL ASSISTENCIA ODONTOLOGICA LTDA;MG;32400246,04;10800082,01;3319570,12;3
UNIODONTO RS FEDERACAO DAS UNIODONTOS DO RGS LTDA;RS;31902802,39;10634267,46;3690848,19;3
DENTAL MASTER LTDA - EPP;AL;30593012,82;10197670,94;4093341,68;3
DENTAL PLUS CONVÊNIO ODONTOLÓGICO LTDA.;SP;30405733,81;10135244,6;3940818,64;3
ODONT-OPERADORA ODONTOLOGICA LTDA;SP;29048480,17;9682826,72;2669958,55;3
YOU ASSISTÊNCIA MÉDICA LTDA.;MG;28506600,32;28506600,32;0;1
SALUSMED OPERADORA DE PLANOS DE SAUDE LTDA;SP;28392018,37;9464006,12;5221364,32;3
UNIODONTO DE SERTAOZINHO SP COOPERATIVA ODONTOLOGICA;SP;27835654,12;13917827,06;2937908,64;2
ODONTOLIVE OPERADORA DE PLANOS ODONTOLÓGICOS LTDA.;SP;27802388,7;9267462,9;4241386;3
UNIODONTO DE PINDAMONHANGABA COOP ODONTOLOGICA;SP;27690276,51;9230092,17;2137002,62;3
DENTAL GOLD ASSISTÊNCIA ODONTOLÓGICA LTDA.;PB;27464600,3;9154866,77;3553583,92;3
CEAM BRASIL - PLANOS DE SAÚDE LTDA;MG;27388030,64;27388030,64;0;1
ÔNIX OPERADORA DE PLANOS DE SAÚDE LTDA;RJ;27355433,79;9118477,93;3184395,81;3
ASSOC DE ASSIST À SAÚDE DOS SERV DAS UNIV E INST FED, EST E/OU FAC PART EM PE;PE;26664178,19;8888059,4;2589289,45;3
PORTO DIAS SAUDE LTDA.;PA;25162359,52;8387453,17;3225927,02;3
ASSOCIAÇÃO PADRE PIO PLANOS DE SAÚDE;SP;24146840,49;8048946,83;2873545,17;3
COOPERATIVA DE TRABALHO ODONTOLOGICO - UNIODONTO ITAJUBÁ;MG;23442224,63;7814074,88;3543203,19;3
PREVENT SENIOR CORPORATE OPERADORA DE SAÚDE LTDA.;SP;22990596,67;7663532,22;2459246,4;3
ASSOCIAÇÃO SERVIÇOS ODONTOLÓGICOS DA INDÚSTRIA DE MINAS GERAIS - ODONTOINDUSTRIA;MG;22268516,63;7422838,88;2798420,63;3
FUNDO DE ASSISTÊNCIA À SAÚDE DOS FUNCIONÁRIOS DO BEC;CE;21818449,49;7272816,5;2092541,37;3
UNIMED VALE DO PARAÍBA - FEDERAÇÃO INTRAFEDERATIVA DAS COOPERATIVAS MÉDICAS;SP;21677572,56;7225857,52;1962648,4;3
CENTRO DE ENDOCRINOLOGIA DE JUNDIAÍ S/S LTDA;SP;21231481,9;7077160,63;2528192,37;3
ASSOCIAÇÃO DOS FISCAIS DE TRIBUTOS ESTADUAIS DO RS - AFISVEC;RS;20621297,75;6873765,92;3122843,81;3
PLANO DE ASSISTÊNCIA ODONTOLÓGICA FAUCHARD LTDA. ME;BA;18557869,99;6185956,66;2711686,16;3
HEALTH-MED SISTEMA DE SAUDE LTDA;RJ;17951642,65;5983880,88;2838363,07;3
QUALIDONTO - QUALIDADE EM ODONTOLOGIA LTDA ;BA;17162832,99;5720944,33;2838797,8;3
BLUZZ SAÚDE S/A;ES;17056630,59;5685543,53;4090363,49;3
UNIODONTO DE MATO GROSSO COOP TRAB ODONTOLOGICO LTDA;MT;16920684,75;5640228,25;2152815,88;3
SANTA CASA DA MISERICÓRDIA DE SÃO JOÃO DEL REI;MG;16918877,41;5639625,8;1370615,05;3
CAIXA SEGURADORA ESPECIALIZADA EM SAÚDE S/A;SP;14902303,17;4967434,39;1525282,63;3
MEDHEALTH PLANOS DE SAÚDE LTDA;PR;14798101,71;4932700,57;2110130,04;3
ODONTO SEG OPERADORA DE PLANOS ODONTOLOGICOS S.A.;SP;14010483,04;4670161,01;1562595,13;3
HOSPITAL DE CARIDADE SÃO VICENTE DE PAULO;PR;12878415,77;4292805,26;153524,81;3
SAME-SERVIÇO DE ASSISTÊNCIA MÉDICA EMPRESARIAL LTDA.;MA;12736608,74;4245536,25;1321817,03;3
INNOVA PLANO DE SAUDE LTDA;RO;10848091,87;5424045,94;3299841,23;2
CROWN ODONTOLOGIA DE GRUPO LTDA;SP;10831481,3;3610493,77;1139536,7;3
NOVODENTE S/A;RS;10447973,77;10447973,77;0;1
SORRIDEN CONVÊNIOS ODONTOLÓGICOS S.A.;SP;9943333,66;3314444,55;1155454,57;3
CASA DE SAÚDE NOSSA SENHORA DE FÁTIMA  LTDA.;CE;9747747,25;3249249,08;1332742,1;3
SISTEMA PREVSAUDE DENTAL LTDA;CE;9654948,95;3218316,32;1263422,55;3
INFINITY SAÚDE SUPLEMENTAR LTDA;MT;9616283,12;3205427,71;1765724,5;3
PLAMEDH - PLANO DE ASSISTÊNCIA MÉDICO-HOSPITALAR LTDA;MG;8161426,81;4080713,4;523859,2;2
UNIMED ALTO PARANAIBA COOPERATIVA DE TRABALHO MEDICO;MG;6793711,89;2264570,63;662436,93;3
BRASIL ODONTO OPERADORA DE PLANOS ODONTOLÓGICOS LTDA;TO;6428611,01;2142870,34;765334,14;3
SMART CARE SISTEMAS MÉDICOS E ODONTOLÓGICOS LTDA.;SP;5523199,84;2761599,92;63,7;2
EXCELÊNCIA PLANO DE SAÚDE S/A;ES;5016396,33;1672132,11;2168440,94;3
G & M ASSESSORIA MEDICA EMPRESARIAL LTDA;RJ;4926425,37;1642141,79;613610,92;3
POLIMÉDICA SAÚDE SOCIEDADE SIMPLES LTDA;RS;4924972,21;1641657,4;510582,78;3
ODONTO PRIME S/S LTDA;CE;4857944,4;1619314,8;648705,16;3
PLANO SIGMA SAÚDE LTDA;SP;4815271,15;2407635,58;347963,03;2
BIORAL SISTEMA ODONTOLÓGICO LTDA.;SP;4612366,5;1537455,5;72603,16;3
ALMA ODONTO OPERADORA DE PLANOS ODONTOLOGICOS LTDA;SP;4511418,82;1503806,27;125459,34;3
BEMSTAR ASSISTENCIA MEDICA LTDA;BA;4393936,85;1464645,62;184151,57;3
SAUDIA ASSISTENCIA MÉDICA LTDA;MG;3975998,7;1325332,9;875100,58;3
QUALICORP ADMINISTRADORA DE BENEFÍCIOS S.A.;SP;3787610,27;1262536,76;1804833,18;3
ASSISTÊNCIA MÉDICA 12 DE OUTUBRO LTDA;SP;3529987,05;1176662,35;577769,11;3
ODILE SERVIÇOS DE SAÚDE LTDA.;SP;3501306,14;1167102,05;1121282,3;3
UNIMED FEDERAÇAO DO ESTADO DO MATO GROSSO;MT;2774148,1;924716,03;77669,22;3
CLÍNICA SÃO GABRIEL S/S LTDA;SP;1389079,65;463026,55;191362,48;3
LIVRI OPERADORA DE PLANO DE SAÚDE LTDA;SP;982627,93;327542,64;146719,55;3
EVO SAUDE ASSISTENCIA MEDICA LTDA;DF;861805,86;287268,62;357324,71;3
SAGRADA SAÚDE ASSISTÊNCIA MÉDICA LTDA;MG;785669,03;261889,68;182861,49;3
PLURAL GESTÃO EM PLANOS DE SAÚDE LTDA;RJ;478569,42;159523,14;120726;3
SOCIODONTO PLANO DE ASSISTÊNCIA ODONTOLÓGICA LTDA;MG;317622,95;158811,47;124661,49;2
UNIMED PARAIBA - FEDERAÇAO DAS SOCIEDADES COOPERATIVAS DE TRABALHO MEDICO;PB;310892,39;103630,8;12694,56;3
SAUDE SALV ASSISTENCIA MEDICA LTDA;RO;222347,58;222347,58;0;1
VITTA SAUDE ADMINISTRADORA DE BENEFICIOS LTDA.;SP;53132,41;17710,8;12652,47;3
ARL ADMINISTRADORA DE BENEFÍCIOS LTDA.;SP;28400;9466,67;6693,94;3
CENTRAL OPERADORA DE PLANOS DE SAÚDE NORTE-NORDESTE LTDA;PB;14360,52;4786,84;0;3
MAXIMED PLANOS DE SAUDE LTDA;RJ;1;1;0;1
BIT LIFE BENEFÍCIOS LTDA;SP;0;0;0;3
A.P.S. ADMINISTRADORA DE BENEFÍCOS LTDA.;SP;0;0;0;1
HEALTH ADMINISTRADORA DE BENEFICIOS LTDA;SP;0;0;0;1
NEXO - ADMINISTRADORA DE BENEFICIOS LTDA;SP;0;0;0;3
ELITE SAUDE SERVICOS MEDICOS LTDA.;SP;0;0;0;2
AFFIX ADMINISTRADORA DE BENEFÍCIOS LTDA;SP;0;0;0;3
BCI ADMINISTRADORA DE BENEFÍCIOS LTDA.;SP;0;0;0;3
ESPLENDOR ADMINISTRADORA DE BENEFÍCIOS LTDA.;DF;0;0;0;3
SAUDE VIVA ADMINISTRADORA DE BENEFICIOS LTDA;SP;0;0;0;3
HOSPITAL MATERNIDADE SÃO VICENTE DE PAULO;CE;0;0;0;3
BENEVIX ADMINISTRADORA DE BENEFÍCIOS LTDA;ES;0;0;0;3
UNIC ASSISTENCIA MEDICA LTDA;SP;0;0;0;1
TOTAL SAUDE  ADMINISTRADORA DE BENEFICIOS EIRELI;ES;0;0;0;3
ATIMED ASSISTENCIA MEDICA LTDA;SP;0;0;0;1
PRO-SAUDE JARINU ASSISTENCIA MEDICA SUPLEMENTAR LTDA.;SP;0;0;0;3
AMPLITUDE PLANOS DE SAUDE LTDA ;MG;0;0;0;3
SALUPLAN ADMINISTRADORA DE BENEFÍCIOS LTDA;SP;0;0;0;3
LEXUS ADMINISTRADORA DE BENEFICIOS LTDA;SP;-4083;-4083;0;1
UP HEALTH ADMINISTRADORA DE BENEFÍCIOS S/A;ES;-12200,42;-6100,21;6100,21;2
CORPORE ADMINISTRADORA DE BENEFICIOS DA SAUDE LTDA;SP;-42000;-14000;0;3
VALEM ADMINISTRADORA DE BENEFÍCIOS LTDA;MG;-201265,03;-67088,34;42533,74;3
INTERCLINICAS PLANO VIDA USA OPERADORA DE SAUDE LTDA;SP;-550465,86;-183488,62;1567729,82;3
QV BENEFÍCIOS EM SAÚDE LTDA;RJ;-609578,7;-203192,9;212785,51;3
QUALICORP CLUBE DE SAÚDE ADMINISTRADORA DE BENEFÍCIOS LTDA.;SP;-1948449,11;-649483,04;119562,99;3
ZURICH SANTANDER BRASIL ODONTO LTDA.;SP;-5400018,8;-1800006,27;2223300,05;3
UNICONSULT - ADMINISTRADORA DE BENEFICIOS E SERVICOS LTDA;SP;-8118135,89;-2706045,3;1930808,95;3
UNIVIDA USA OPERADORA EM SAUDE S/A;SP;-19755849,33;-6585283,11;5867240,41;3